ruleset,pattern,department,category,subcategory,power_source
hand-tools,headless pins,Fixings & Adhesives,Nails,,
hand-tools,multimeter|electrical test kit|terminal (set|kit)|tubular terminal,Electrical,Contracting Items & Electrical Tools,,
hand-tools,assortment|hooks? kit|hangers kit|screw hooks,Fixings & Adhesives,Fastener Kits & Pre-packs,,
hand-tools,tool chest set|hand ?tools set|combination tools set|insulated hand ?tools set,Hand Tools,Tool Sets & Kits,,
hand-tools,kneepad|knee pad|goggle|safety glasses|helmet,Hand Tools,Safety Gear,,
hand-tools,storage|organi[sz]er|tool ?bag|tool backpack,Hand Tools,Tool Storage,,
hand-tools,measuring tape|chalk line|spirit level|\blevel\b|laser|measuring wheel|\bsquare\b|caliper|ruler,Hand Tools,Measuring & Marking,,
hand-tools,screwdriver,Hand Tools,Screwdrivers & Sets,,
hand-tools,pliers?\b|vicegrip|circlip|rabbet|wire strip,Hand Tools,Pliers & Gripping,,
hand-tools,wrench|spanner|socket|ratchet|hex key|allen key|torx key|nut driver|t-handle,Hand Tools,Spanners & Sockets,,
hand-tools,hammer|mallet|sledge|wrecking bar,Hand Tools,Hammers & Striking,,
hand-tools,chisel|punch,Hand Tools,Chisels & Punches,,
hand-tools,clamp|\bvice\b,Hand Tools,Clamps & Vices,,
hand-tools,paint brush|brush set|putty|trowel|scraper|skimming|taping|grout|plaster|wire brush,Hand Tools,Finishing & Plastering,,
hand-tools,pruning|sprinkler|\baxe\b|shovel|spade|rake,Hand Tools,Garden Tools,,
hand-tools,snip,Hand Tools,Tin Snips,,
hand-tools,\bsaw|hacksaw|knife|knives|scissor|cutter|\bfile\b|file set|rasp|blade,Hand Tools,Saws & Cutting,,
power-tools,laser,Hand Tools,Measuring & Marking,,
power-tools,tools set,Hand Tools,Tool Sets & Kits,,
power-tools,air compressor,Air Tools & Compressors,Compressors,,
power-tools,battery|charger|usb type,Power Tools & Accessories,Batteries & Chargers,,
power-tools,\bpump\b,Power Tools & Accessories,Water Pumps,,
power-tools,generator,Power Tools & Accessories,Generators & Petrol Tools,,
power-tools,chain saw|pole|pruner|hedge|grass|trimmer|blower|lawn|mower|brush ?cut|vacuum|pressure washer|sprayer|string,Power Tools & Accessories,Garden & Cleaning,,
power-tools,rotary hammer|breaker|demolition,Power Tools & Accessories,Rotary Hammers,,
power-tools,grinder|cut-?off tool,Power Tools & Accessories,Grinders,,
power-tools,polisher|sander|sanding,Power Tools & Accessories,Sanders & Polishers,,
power-tools,planer|router,Power Tools & Accessories,Planers & Routers,,
power-tools,weld|plasma,Power Tools & Accessories,Welding,,
power-tools,jigsaw|\bsaw\b,Power Tools & Accessories,Saws,,
power-tools,drill|driver|impact wrench|ratchet|screwdriver,Power Tools & Accessories,Drills & Drivers,,
ingco-accessories,t-handle.*screwdriver,Hand Tools,Screwdrivers & Sets,,
ingco-accessories,socket set,Hand Tools,Spanners & Sockets,,
ingco-accessories,\bnail\b,Fixings & Adhesives,Nails,,
ingco-accessories,sanding|grinding set,Power Tools & Accessories,Abrasives & Sanding,,
ingco-accessories,router bit,Power Tools & Accessories,Other Accessories,,
ingco-accessories,\bbits?\b|adapter,Power Tools & Accessories,Power Bits,,
wadfow-accessories,diamond disc,Power Tools & Accessories,Saw & Cutting Blades,Diamond Blades,
wadfow-accessories,cutting disc|abrasive,Power Tools & Accessories,Abrasives & Sanding,,
wadfow-accessories,\bbits\b,Power Tools & Accessories,Power Bits,,
ruwag-fixings,extractor,Hand Tools,Other Hand Tools,,
harden-accessories,helmet,Hand Tools,Safety Gear,,
harden-accessories,staple gun,Hand Tools,Other Hand Tools,,
harden-accessories,^type \d+ staple,Fixings & Adhesives,Nails,,
aircraft-other,staple,Air Tools & Compressors,Air Tools,Nail Guns & Staplers,
aircraft-other,spray|sp gun,Air Tools & Compressors,Spray Guns & Airbrushes,,
aircraft-other,hose reel,Air Tools & Compressors,Hoses & Hose Reels,,
geo-valves,washing machine,Plumbing,Valves,Washing Machine Valves,
geo-valves,float valve,Plumbing,Valves,Float Valves,
geo-valves,gate valve,Plumbing,Valves,Gate Valves,
geo-valves,angle valve,Plumbing,Valves,Angle Valves,
geo-valves,check valve|non return,Plumbing,Valves,Check Valves,
geo-valves,stopcock,Plumbing,Valves,Stopcocks,
geo-valves,ball valve,Plumbing,Valves,Ball Valves,
waco-security,^en(?:er|ger)gizer|hard case|impact rubber|led lantern|rechargeable torch|vision hd|metal vision|torch,Electrical,Batteries & Torches,,
waco-security,dayli|twili|timer,Electrical,"Switches, Plugs & Sockets",Switches,
africa-paints,enamel|aluminium silver|quick drying,Paint & Waterproofing,Enamel & Metal Paint,,
africa-paints,primer|undercoat|bonding,Paint & Waterproofing,"Primers, Undercoats & Prep",,
africa-paints,varnish,Paint & Waterproofing,Wood Care,,
africa-paints,stoep|road marking,Paint & Waterproofing,"Floor, Automotive & Industrial",,
africa-paints,roof,Paint & Waterproofing,Roof Paint,,
africa-paints,ceiling,Paint & Waterproofing,Interior Paint,Ceilings,
africa-paints,water ?proof|damp|rubberis|fibre guard|protective coating,Paint & Waterproofing,Waterproofing,,
africa-paints,all weather|texture,Paint & Waterproofing,Exterior Paint,,
promac-special,proof,Paint & Waterproofing,Waterproofing,,
promac-special,enamel,Paint & Waterproofing,Enamel & Metal Paint,,
promac-special,roof,Paint & Waterproofing,Roof Paint,,
promac-prep,clean|degrease|sugar soap|stripper|thinners|turpentine,Paint & Waterproofing,Cleaners & Strippers,,
duram-doors,varnish|woodseal,Paint & Waterproofing,Wood Care,,
flash-roof,cleaner,Paint & Waterproofing,Cleaners & Strippers,,
flash-roof,primer,Paint & Waterproofing,"Primers, Undercoats & Prep",,
