supplier,supplier_category,supplier_subcategory,brand,department,category,subcategory,range,power_source,rules,grouping
Africa Paints,Economy,Master Coat Range,Africa Paints,Paint & Waterproofing,Interior Paint,,Economy,,africa-paints,
Africa Paints,Economy,Super 2000,Africa Paints,Paint & Waterproofing,Interior Paint,,Economy,,africa-paints,
Africa Paints,Economy,Super PVA,Africa Paints,Paint & Waterproofing,Interior Paint,,Economy,,africa-paints,
Africa Paints,Economy,Supreme Coat (Buildkote),Africa Paints,Paint & Waterproofing,Interior Paint,,Economy,,africa-paints,
Africa Paints,Economy,Twilight Range,Africa Paints,Paint & Waterproofing,Interior Paint,,Economy,,africa-paints,
Africa Paints,Industrial,Industrial Range,Africa Paints,Paint & Waterproofing,"Floor, Automotive & Industrial",,Industrial,,africa-paints,
Africa Paints,Industrial,Rhino Shield,Africa Paints,Paint & Waterproofing,"Floor, Automotive & Industrial",,Industrial,,africa-paints,
Africa Paints,Luxury,Home Range,Africa Paints,Paint & Waterproofing,Interior Paint,,Luxury,,africa-paints,
Africa Paints,Luxury,Platinum Series,Africa Paints,Paint & Waterproofing,Interior Paint,,Luxury,,africa-paints,
AirCraft (Vermont Sales),Air Tools,Nail Guns & Staplers,AirCraft,Air Tools & Compressors,Air Tools,Nail Guns & Staplers,,,,
AirCraft (Vermont Sales),Air Tools,Other air tools (listed on the parent page only),AirCraft,Air Tools & Compressors,Air Tools,Other Air Tools,,,aircraft-other,
AirCraft (Vermont Sales),Air Tools,Sanders,AirCraft,Air Tools & Compressors,Air Tools,Sanders,,,,
AirCraft (Vermont Sales),Air Tools,Tyre Inflators,AirCraft,Air Tools & Compressors,Air Tools,Tyre Inflators,,,,
AirCraft (Vermont Sales),Air Treatment,,AirCraft,Air Tools & Compressors,Air Treatment,,,,,sizes
AirCraft (Vermont Sales),Compressors,,AirCraft,Air Tools & Compressors,Compressors,,,,,
AirCraft (Vermont Sales),Hose Fittings,,AirCraft,Air Tools & Compressors,Hose Fittings,,,,,sizes
AirCraft (Vermont Sales),Hose Reels,,AirCraft,Air Tools & Compressors,Hoses & Hose Reels,,,,,
AirCraft (Vermont Sales),Hoses,,AirCraft,Air Tools & Compressors,Hoses & Hose Reels,,,,,sizes
AirCraft (Vermont Sales),Pneumatic Gauges,,AirCraft,Air Tools & Compressors,Gauges,,,,,sizes
AirCraft (Vermont Sales),Push-in Fittings for Tubing,,AirCraft,Air Tools & Compressors,Push-in Fittings,,,,,sizes
AirCraft (Vermont Sales),Spray Finishing,Airbrushes,AirCraft,Air Tools & Compressors,Spray Guns & Airbrushes,,,,,
AirCraft (Vermont Sales),Tubing,,AirCraft,Air Tools & Compressors,Tubing,,,,,sizes
AirCraft (Vermont Sales),Vacuum Pumps,,AirCraft,Air Tools & Compressors,Vacuum Pumps,,,,,
Deye,Backup Power Kits,,Deye,Solar & Backup Power,Kits & Backup Power Packages,,,,,
Deye,Batteries,,Deye,Solar & Backup Power,Batteries & Energy Storage,,,,,
Deye,Hybrid Inverters,,Deye,Solar & Backup Power,Inverters,,,,,
Deye,Solar PV Kits,,Deye,Solar & Backup Power,Kits & Backup Power Packages,,,,,
Duram,Exterior Paints,Fascias and gutters,Duram,Paint & Waterproofing,Exterior Paint,Fascias & Gutters,,,,
Duram,Exterior Paints,Roofs,Duram,Paint & Waterproofing,Roof Paint,,,,,
Duram,Exterior Paints,Walls,Duram,Paint & Waterproofing,Exterior Paint,Walls,,,,
Duram,Interior Paints,Bathroom and Kitchen,Duram,Paint & Waterproofing,Interior Paint,Kitchen & Bathroom,,,,
Duram,Interior Paints,Ceilings,Duram,Paint & Waterproofing,Interior Paint,Ceilings,,,,
Duram,Interior Paints,"Doors, Trims and Windows",Duram,Paint & Waterproofing,Enamel & Metal Paint,,,,duram-doors,
Duram,Interior Paints,Walls,Duram,Paint & Waterproofing,Interior Paint,Walls,,,,
Duram,Preparation Products,Cleaners,Duram,Paint & Waterproofing,Cleaners & Strippers,,,,,
Duram,Preparation Products,Metal,Duram,Paint & Waterproofing,"Primers, Undercoats & Prep",,,,,
Duram,Preparation Products,Paint Strippers,Duram,Paint & Waterproofing,Cleaners & Strippers,,,,,
Duram,Preparation Products,Primers,Duram,Paint & Waterproofing,"Primers, Undercoats & Prep",,,,,
Duram,Preparation Products,Undercoats,Duram,Paint & Waterproofing,"Primers, Undercoats & Prep",,,,,
Duram,Preparation Products,Waterproofing,Duram,Paint & Waterproofing,Waterproofing,,,,,
Duram,Specialist Paints,Automotive coatings,Duram,Paint & Waterproofing,"Floor, Automotive & Industrial",,,,,
Duram,Specialist Paints,Floor paints,Duram,Paint & Waterproofing,"Floor, Automotive & Industrial",,,,,
Duram,Specialist Paints,Metal coatings,Duram,Paint & Waterproofing,Enamel & Metal Paint,,,,,
Duram,Specialist Paints,Waterproofing,Duram,Paint & Waterproofing,Waterproofing,,,,,
Five-star Solar (Fivestar LED),DC Home Appliances,,Fivestar,Solar & Backup Power,Solar Lights & DC Appliances,,,,,
Five-star Solar (Fivestar LED),Fans & Air Coolers,,Fivestar,Electrical,Fans & Air Movement,,,,,
Five-star Solar (Fivestar LED),LED Lights,Downlights,Fivestar,Lighting,Indoor LED & Downlights,LED Indoor,,,,
Five-star Solar (Fivestar LED),LED Lights,LED Bulbs,Fivestar,Lighting,Lamps & Bulbs,,,,,
Five-star Solar (Fivestar LED),Light Fittings,,Fivestar,Lighting,General Lighting,,,,,
Five-star Solar (Fivestar LED),Solar Systems,"Isolators, Circuit Breakers & Fuses",Fivestar,Solar & Backup Power,"Protection: Isolators, Breakers & Fuses",,,,,
Five-star Solar (Fivestar LED),Solar Systems,Solar Batteries,Fivestar,Solar & Backup Power,Batteries & Energy Storage,,,,,
Five-star Solar (Fivestar LED),Solar Systems,Solar Controllers,Fivestar,Solar & Backup Power,Charge Controllers,,,,,
Five-star Solar (Fivestar LED),Solar Systems,Solar Installation Accessories,Fivestar,Solar & Backup Power,Installation Accessories & Cables,,,,,
Five-star Solar (Fivestar LED),Solar Systems,Solar Inverters,Fivestar,Solar & Backup Power,Inverters,,,,,
Five-star Solar (Fivestar LED),Solar Systems,Solar Kits,Fivestar,Solar & Backup Power,Kits & Backup Power Packages,,,,,
Five-star Solar (Fivestar LED),Solar Systems,Solar Lights,Fivestar,Solar & Backup Power,Solar Lights & DC Appliances,,,,,
Five-star Solar (Fivestar LED),Solar Systems,Solar Panels,Fivestar,Solar & Backup Power,Solar Panels,,,,,
Five-star Solar (Fivestar LED),Special Offers,,Fivestar,Lighting,Lamps & Bulbs,,,,,
Flash Harry,Acrylic Waterproofing Systems,,Flash Harry,Paint & Waterproofing,Waterproofing,Acrylic,,,,
Flash Harry,Bitumen Waterproofing Systems,,Flash Harry,Paint & Waterproofing,Waterproofing,Bitumen,,,,
Flash Harry,Cementitious Slurries and Additives,,Flash Harry,Paint & Waterproofing,Waterproofing,Cementitious,,,,
Flash Harry,Damp Proofing Products,,Flash Harry,Paint & Waterproofing,Waterproofing,Damp Proofing,,,,
Flash Harry,Roof Coating Systems,,Flash Harry,Paint & Waterproofing,Roof Paint,,,,flash-roof,
Flash Harry,Self Adhesive Systems,,Flash Harry,Paint & Waterproofing,Waterproofing,Self-adhesive,,,,
Flash Harry,Speciality Products,,Flash Harry,Paint & Waterproofing,Waterproofing,,,,,
Flash Harry,Torch-on Systems,,Flash Harry,Paint & Waterproofing,Waterproofing,Torch-on,,,,
Geo Plumbing,Batts & Couplings,,Geo,Plumbing,Pipe & Fittings,Batts & Couplings,,,,
Geo Plumbing,Brass Capillary Fittings BDP,,Geo,Plumbing,Pipe & Fittings,Capillary Fittings,,,,
Geo Plumbing,Builders Sheeting,Builders Sheeting DIY,Geo,Plumbing,Sheeting & Membranes,Builders Sheeting,,,,
Geo Plumbing,Builders Sheeting,Builders Sheeting Non-SABS,Geo,Plumbing,Sheeting & Membranes,Builders Sheeting,,,,
Geo Plumbing,Builders Sheeting,Builders Sheeting SABS,Geo,Plumbing,Sheeting & Membranes,Builders Sheeting,,,,
Geo Plumbing,Compression Fittings BDP,,Geo,Plumbing,Pipe & Fittings,Compression Fittings,,,,
Geo Plumbing,Compression Fittings SABS DZR,,Geo,Plumbing,Pipe & Fittings,Compression Fittings,,,,
Geo Plumbing,"Consumables, Tools & Sundry",,Geo,Plumbing,Plumbing Consumables & Tools,,,,,
Geo Plumbing,Copper Capillary Fittings BDP,,Geo,Plumbing,Pipe & Fittings,Capillary Fittings,,,,
Geo Plumbing,Drainage System,,Geo,Plumbing,Drainage & Rainwater,Drainage System,,,,
Geo Plumbing,Econo Rainwater System,,Geo,Plumbing,Drainage & Rainwater,Econo Rainwater,,,,
Geo Plumbing,Eternity Premium Range,Eclipse Range – Matt Black,Geo,Plumbing,Taps & Mixers,Eternity Premium Range,Eclipse Range – Matt Black,,,
Geo Plumbing,Eternity Premium Range,Lunar Range – Brushed Grey,Geo,Plumbing,Taps & Mixers,Eternity Premium Range,Lunar Range – Brushed Grey,,,
Geo Plumbing,Eternity Premium Range,Solar Range – Chrome,Geo,Plumbing,Taps & Mixers,Eternity Premium Range,Solar Range – Chrome,,,
Geo Plumbing,Galvanised Fittings & Stand Pipe,,Geo,Plumbing,Pipe & Fittings,Galvanised Fittings & Stand Pipe,,,,
Geo Plumbing,Geyser,,Geo,Plumbing,Geysers,,,,,
Geo Plumbing,HDPE Fittings,,Geo,Plumbing,Pipe & Fittings,HDPE Fittings,,,,
Geo Plumbing,Hose,,Geo,Plumbing,Tanks & Hose,Hose,,,,
Geo Plumbing,PVC Rainwater System,,Geo,Plumbing,Drainage & Rainwater,PVC Rainwater,,,,
Geo Plumbing,Packed Taps & Tap Spares,,Geo,Plumbing,Taps & Mixers,Packed Taps,,,,
Geo Plumbing,Pipe,,Geo,Plumbing,Pipe & Fittings,Pipe,,,,
Geo Plumbing,"Shadecloth, Foil & Membrane",,Geo,Plumbing,Sheeting & Membranes,"Shadecloth, Foil & Membrane",,,,
Geo Plumbing,Shower & Bath,BDP ABS Shower Roses,Geo,Plumbing,Bathroom & Toilet,Shower & Bath,,,,
Geo Plumbing,Shower & Bath,BDP SS Shower Roses,Geo,Plumbing,Bathroom & Toilet,Shower & Bath,,,,
Geo Plumbing,Shower & Bath,BDP Shower Arms,Geo,Plumbing,Bathroom & Toilet,Shower & Bath,,,,
Geo Plumbing,Shower & Bath,Combinations,Geo,Plumbing,Bathroom & Toilet,Shower & Bath,,,,
Geo Plumbing,Shower & Bath,Hand Showers,Geo,Plumbing,Bathroom & Toilet,Shower & Bath,,,,
Geo Plumbing,Shower & Bath,NFR ABS Shower Roses,Geo,Plumbing,Bathroom & Toilet,Shower & Bath,,,,
Geo Plumbing,Shower & Bath,NFR SS Shower Roses,Geo,Plumbing,Bathroom & Toilet,Shower & Bath,,,,
Geo Plumbing,Shower & Bath,NFR Shower Arms,Geo,Plumbing,Bathroom & Toilet,Shower & Bath,,,,
Geo Plumbing,Shower & Bath,Shower Hose,Geo,Plumbing,Bathroom & Toilet,Shower & Bath,,,,
Geo Plumbing,Shower & Bath,Shower Traps,Geo,Plumbing,Bathroom & Toilet,Shower & Bath,,,,
Geo Plumbing,Shower & Bath,Spares,Geo,Plumbing,Bathroom & Toilet,Shower & Bath,,,,
Geo Plumbing,Shower & Bath,Spouts,Geo,Plumbing,Bathroom & Toilet,Shower & Bath,,,,
Geo Plumbing,Soil & Vent Fittings 110mm,,Geo,Plumbing,Pipe & Fittings,Soil & Vent Fittings,,,,
Geo Plumbing,Soil & Vent Fittings 40mm/50mm,,Geo,Plumbing,Pipe & Fittings,Soil & Vent Fittings,,,,
Geo Plumbing,Tank Fittings & Accessories,,Geo,Plumbing,Tanks & Hose,Tank Fittings & Accessories,,,,
Geo Plumbing,Taps & Mixer Ranges,Arctic,Geo,Plumbing,Taps & Mixers,Mixer Ranges,Arctic,,,
Geo Plumbing,Taps & Mixer Ranges,Cosmos,Geo,Plumbing,Taps & Mixers,Mixer Ranges,Cosmos,,,
Geo Plumbing,Taps & Mixer Ranges,Jabulani,Geo,Plumbing,Taps & Mixers,Mixer Ranges,Jabulani,,,
Geo Plumbing,Taps & Mixer Ranges,Lindi,Geo,Plumbing,Taps & Mixers,Mixer Ranges,Lindi,,,
Geo Plumbing,Taps & Mixer Ranges,Nova,Geo,Plumbing,Taps & Mixers,Mixer Ranges,Nova,,,
Geo Plumbing,Taps & Mixer Ranges,Shadow,Geo,Plumbing,Taps & Mixers,Mixer Ranges,Shadow,,,
Geo Plumbing,Taps & Mixer Ranges,Thulani,Geo,Plumbing,Taps & Mixers,Mixer Ranges,Thulani,,,
Geo Plumbing,Taps & Mixer Ranges,Trinity,Geo,Plumbing,Taps & Mixers,Mixer Ranges,Trinity,,,
Geo Plumbing,Taps & Tap Spares,,Geo,Plumbing,Taps & Mixers,Taps & Tap Spares,,,,
Geo Plumbing,Toilet & Cistern,,Geo,Plumbing,Bathroom & Toilet,Toilet & Cistern,,,,
Geo Plumbing,Traps,,Geo,Plumbing,Bathroom & Toilet,Traps,,,,
Geo Plumbing,Underground Fittings 110mm,,Geo,Plumbing,Pipe & Fittings,Underground Fittings 110mm,,,,
Geo Plumbing,Valves,Brass Valves,Geo,Plumbing,Valves,Other Valves,,,geo-valves,
Geo Plumbing,Valves,NFR Valves,Geo,Plumbing,Valves,Other Valves,,,geo-valves,
Geo Plumbing,Valves,Other Valves,Geo,Plumbing,Valves,Other Valves,,,geo-valves,
Geo Plumbing,Wastes & Waste Spares,,Geo,Plumbing,Bathroom & Toilet,Wastes & Waste Spares,,,,
Hanchu ESS,Commercial & Industrial (C&I) Energy Storage,,Hanchu,Solar & Backup Power,Batteries & Energy Storage,Commercial & Industrial,,,,
Hanchu ESS,EV Charger,,Hanchu,Solar & Backup Power,EV Chargers,,,,,
Hanchu ESS,Residential Energy Storage,Single Phase,Hanchu,Solar & Backup Power,Batteries & Energy Storage,Residential Single Phase,,,,
Hanchu ESS,Residential Energy Storage,Three Phase,Hanchu,Solar & Backup Power,Batteries & Energy Storage,Residential Three Phase,,,,
Ingco,Accessories,,Ingco,Power Tools & Accessories,Other Accessories,,,,ingco-accessories,name
Ingco,Air Tools,,Ingco,Air Tools & Compressors,Compressors,,,,,name
Ingco,Batteries & Chargers,,Ingco,Power Tools & Accessories,Batteries & Chargers,,,Cordless,,name
Ingco,Cordless,,Ingco,Power Tools & Accessories,Other Power Tools,,,Cordless,power-tools,name
Ingco,Gasoline,,Ingco,Power Tools & Accessories,Generators & Petrol Tools,,,Petrol,power-tools,name
Ingco,Hand Tools,,Ingco,Hand Tools,Other Hand Tools,,,,hand-tools,name
Ingco,Power Tools,,Ingco,Power Tools & Accessories,Other Power Tools,,,Corded,power-tools,name
Ingco,Water Pumps,,Ingco,Power Tools & Accessories,Water Pumps,,,,,name
Ingco,Welding,,Ingco,Power Tools & Accessories,Welding,,,,,name
Luxpower,All-in-One Systems,,Luxpower,Solar & Backup Power,Inverters,,,,,
Luxpower,Backup Power Kits,,Luxpower,Solar & Backup Power,Kits & Backup Power Packages,,,,,
Luxpower,Hybrid Inverters,,Luxpower,Solar & Backup Power,Inverters,,,,,
Luxpower,Solar PV Kits,,Luxpower,Solar & Backup Power,Kits & Backup Power Packages,,,,,
Promac,ECoat,Exterior Range,Promac,Paint & Waterproofing,Exterior Paint,,ECoat,,,
Promac,ECoat,Interior Range,Promac,Paint & Waterproofing,Interior Paint,,ECoat,,,
Promac,ECoat,Prep | Prime,Promac,Paint & Waterproofing,"Primers, Undercoats & Prep",,ECoat,,,
Promac,ECoat,Special Purpose,Promac,Paint & Waterproofing,"Floor, Automotive & Industrial",,ECoat,,promac-special,
Promac,Easycoat,Enamel Range,Promac,Paint & Waterproofing,Enamel & Metal Paint,,Easycoat,,,
Promac,Easycoat,Interior Range,Promac,Paint & Waterproofing,Interior Paint,,Easycoat,,,
Promac,Easycoat,Prep | Prime,Promac,Paint & Waterproofing,"Primers, Undercoats & Prep",,Easycoat,,,
Promac,Industrial,,Promac,Paint & Waterproofing,"Floor, Automotive & Industrial",,Industrial,,,
Promac,Promac Core,Clean | Prep | Prime,Promac,Paint & Waterproofing,"Primers, Undercoats & Prep",,Core,,promac-prep,
Promac,Promac Core,Enamel Range,Promac,Paint & Waterproofing,Enamel & Metal Paint,,Core,,,
Promac,Promac Core,Exterior Range,Promac,Paint & Waterproofing,Exterior Paint,,Core,,,
Promac,Promac Core,Interior Range,Promac,Paint & Waterproofing,Interior Paint,,Core,,,
Promac,Promac Core,Metal Range,Promac,Paint & Waterproofing,Enamel & Metal Paint,,Core,,,
Promac,Rubber Duck (Waterproofing),Exterior only,Promac,Paint & Waterproofing,Waterproofing,,Rubber Duck,,,
Promac,Rubber Duck (Waterproofing),Industrial,Promac,Paint & Waterproofing,Waterproofing,,Rubber Duck,,,
Promac,Rubber Duck (Waterproofing),Interior & Exterior,Promac,Paint & Waterproofing,Waterproofing,,Rubber Duck,,,
Promac,Yes! Wood,Exterior Range,Promac,Paint & Waterproofing,Wood Care,,Yes! Wood,,,
Promac,Yes! Wood,Interior Range,Promac,Paint & Waterproofing,Wood Care,,Yes! Wood,,,
Ruwag,Cut,,Ruwag,Power Tools & Accessories,Other Accessories,,,,,
Ruwag,Cut,Circular Saw Blades,Ruwag,Power Tools & Accessories,Saw & Cutting Blades,Circular Saw Blades,,,,
Ruwag,Cut,Diamond Blades,Ruwag,Power Tools & Accessories,Saw & Cutting Blades,Diamond Blades,,,,
Ruwag,Cut,Hacksaw Blades,Ruwag,Power Tools & Accessories,Saw & Cutting Blades,Hacksaw Blades,,,,
Ruwag,Cut,Hole Saws,Ruwag,Power Tools & Accessories,Saw & Cutting Blades,Hole Saws,,,,
Ruwag,Cut,Jigsaw Blades,Ruwag,Power Tools & Accessories,Saw & Cutting Blades,Jigsaw Blades,,,,
Ruwag,Drill,Ceramic Drill Bits,Ruwag,Power Tools & Accessories,Drill Bits,Ceramic Drill Bits,,,,
Ruwag,Drill,Drill Bit Sets,Ruwag,Power Tools & Accessories,Drill Bits,Drill Bit Sets,,,,
Ruwag,Drill,Drill Chucks,Ruwag,Power Tools & Accessories,Drill Bits,Drill Chucks,,,,
Ruwag,Drill,Masonry Drill Bits,Ruwag,Power Tools & Accessories,Drill Bits,Masonry Drill Bits,,,,
Ruwag,Drill,Metal Drill Bits,Ruwag,Power Tools & Accessories,Drill Bits,Metal Drill Bits,,,,
Ruwag,Drill,Wood Drill Bits,Ruwag,Power Tools & Accessories,Drill Bits,Wood Drill Bits,,,,
Ruwag,Fix,Anchors,Ruwag,Fixings & Adhesives,Anchors & Wall Plugs,,,,,
Ruwag,Fix,Fastener Kits,Ruwag,Fixings & Adhesives,Fastener Kits & Pre-packs,,,,,
Ruwag,Fix,Fix It Pre Pack,Ruwag,Fixings & Adhesives,Fastener Kits & Pre-packs,,,,,
Ruwag,Fix,Fix It Trade Pack,Ruwag,Fixings & Adhesives,Fastener Kits & Pre-packs,,,,,
Ruwag,Fix,Fixings,Ruwag,Fixings & Adhesives,Ironmongery & Door Hardware,,,,ruwag-fixings,
Ruwag,Fix,Hardware,Ruwag,Fixings & Adhesives,Ironmongery & Door Hardware,,,,,
Ruwag,Fix,Ironmongery Hardware Pre Pack,Ruwag,Fixings & Adhesives,Ironmongery & Door Hardware,,,,,
Ruwag,Fix,Nails,Ruwag,Fixings & Adhesives,Nails,,,,,
Ruwag,Fix,Nuts & Bolts,Ruwag,Fixings & Adhesives,"Nuts, Bolts & Washers",,,,,
Ruwag,Fix,Power Bits,Ruwag,Power Tools & Accessories,Power Bits,,,,,
Ruwag,Fix,Rivets,Ruwag,Fixings & Adhesives,Rivets,,,,,
Ruwag,Fix,Rods,Ruwag,Fixings & Adhesives,Threaded Rod,,,,,
Ruwag,Fix,Screws,Ruwag,Fixings & Adhesives,Screws,,,,,
Ruwag,Fix,Washers,Ruwag,Fixings & Adhesives,"Nuts, Bolts & Washers",,,,,
Ruwag,Harden (brand),,Harden,Hand Tools,Pliers & Gripping,,,,,sizes
Ruwag,Harden (brand),Accessories,Harden,Hand Tools,Other Hand Tools,,,,harden-accessories,sizes
Ruwag,Harden (brand),Bolts & Cable,Harden,Hand Tools,Saws & Cutting,,,,,sizes
Ruwag,Harden (brand),Chisels & Punches,Harden,Hand Tools,Chisels & Punches,,,,,sizes
Ruwag,Harden (brand),Clamps,Harden,Hand Tools,Clamps & Vices,,,,,sizes
Ruwag,Harden (brand),Cutting,Harden,Hand Tools,Saws & Cutting,,,,,sizes
Ruwag,Harden (brand),Finishing Tools,Harden,Hand Tools,Finishing & Plastering,,,,,sizes
Ruwag,Harden (brand),Garden Tools,Harden,Hand Tools,Garden Tools,,,,,sizes
Ruwag,Harden (brand),Gardening,Harden,Hand Tools,Garden Tools,,,,,sizes
Ruwag,Harden (brand),Gripping Tools,Harden,Hand Tools,Pliers & Gripping,,,,,sizes
Ruwag,Harden (brand),Hammers,Harden,Hand Tools,Hammers & Striking,,,,,sizes
Ruwag,Harden (brand),Measuring Tapes,Harden,Hand Tools,Measuring & Marking,,,,,sizes
Ruwag,Harden (brand),Measuring Tools,Harden,Hand Tools,Measuring & Marking,,,,,sizes
Ruwag,Harden (brand),Saws,Harden,Hand Tools,Saws & Cutting,,,,,sizes
Ruwag,Harden (brand),Screwdrivers & Screwdriver Sets,Harden,Hand Tools,Screwdrivers & Sets,,,,,sizes
Ruwag,Harden (brand),Tin Snips,Harden,Hand Tools,Tin Snips,,,,,sizes
Ruwag,Sand,Bonded Abrasives,Ruwag,Power Tools & Accessories,Abrasives & Sanding,,,,,
Ruwag,Sand,Sanding Accessories,Ruwag,Power Tools & Accessories,Abrasives & Sanding,,,,,
Ruwag,tesa® (brand),Bath & Household Accessories,tesa,Fixings & Adhesives,Bath & Household,,,,,
Ruwag,tesa® (brand),Masking,tesa,Fixings & Adhesives,Tapes,Masking,,,,
Ruwag,tesa® (brand),Mounting and Hanging,tesa,Fixings & Adhesives,Mounting & Hanging,,,,,
Ruwag,tesa® (brand),Packaging,tesa,Fixings & Adhesives,Tapes,Packaging,,,,
Ruwag,tesa® (brand),Removable Fixation,tesa,Fixings & Adhesives,Mounting & Hanging,,,,,
Ruwag,tesa® (brand),Repairing,tesa,Fixings & Adhesives,Tapes,Repair,,,,
Ruwag,tesa® (brand),Safety & Electrical Insulation,tesa,Fixings & Adhesives,Tapes,Insulation,,,,
Ruwag,tesa® (brand),Weather Sealing,tesa,Fixings & Adhesives,Weather Sealing,,,,,
Sunsynk,Accessories,,Sunsynk,Solar & Backup Power,Installation Accessories & Cables,,,,,
Sunsynk,Accessories,AC Components,Sunsynk,Solar & Backup Power,Installation Accessories & Cables,,,,,
Sunsynk,Accessories,Cabinets,Sunsynk,Solar & Backup Power,Installation Accessories & Cables,,,,,
Sunsynk,Accessories,Control & Monitoring,Sunsynk,Solar & Backup Power,"Monitoring, Meters & CTs",,,,,
Sunsynk,Accessories,Control Cables,Sunsynk,Solar & Backup Power,Installation Accessories & Cables,,,,,
Sunsynk,Accessories,Meters & CTs,Sunsynk,Solar & Backup Power,"Monitoring, Meters & CTs",,,,,
Sunsynk,All-in-One Systems,,Sunsynk,Solar & Backup Power,Inverters,,,,,
Sunsynk,Backup Power Kits,,Sunsynk,Solar & Backup Power,Kits & Backup Power Packages,,,,,
Sunsynk,Batteries,,Sunsynk,Solar & Backup Power,Batteries & Energy Storage,,,,,
Sunsynk,Hybrid Inverters,,Sunsynk,Solar & Backup Power,Inverters,,,,,
Sunsynk,Solar PV Kits,,Sunsynk,Solar & Backup Power,Kits & Backup Power Packages,,,,,
WACO,General Products,Air Movement,WACO,Electrical,Fans & Air Movement,,,,,
WACO,General Products,Contracting Items,WACO,Electrical,Contracting Items & Electrical Tools,,,,,
WACO,General Products,Enclosures,WACO,Electrical,Enclosures & DB Boards,,,,,
WACO,General Products,General Lighting,WACO,Lighting,General Lighting,,,,,
WACO,General Products,Meters,WACO,Electrical,Circuit Protection & Control,Meters,,,,
WACO,General Products,Miscellaneous,WACO,Electrical,Sound Equipment & Miscellaneous,,,,,
WACO,General Products,Plugs And Multiplugs,WACO,Electrical,"Switches, Plugs & Sockets",Plugs & Multiplugs,,,,
WACO,General Products,Security,WACO,Electrical,Security,,,,waco-security,
WACO,General Products,Sound Equipment,WACO,Electrical,Sound Equipment & Miscellaneous,,,,,
WACO,General Products,Tools,WACO,Electrical,Contracting Items & Electrical Tools,,,,,
WACO,General Products,Wire and Wiring Accessories,WACO,Electrical,Wire & Wiring Accessories,,,,,
WACO,Lighting Products,Aluminium Downlights,WACO,Lighting,Indoor LED & Downlights,Aluminium Downlights,,,,
WACO,Lighting Products,Die-Cast Aluminium Brick Lights,WACO,Lighting,Outdoor & Security Lighting,Brick Lights,,,,
WACO,Lighting Products,Die-cast Aluminium Bulkheads,WACO,Lighting,Outdoor & Security Lighting,Bulkheads,,,,
WACO,Lighting Products,Flood Lights,WACO,Lighting,Floodlights,,,,,
WACO,Lighting Products,GU10 Lamp Holders,WACO,Lighting,Lamp Holders & Spotlights,,,,,
WACO,Lighting Products,Indoor Fluorescents,WACO,Lighting,Fluorescent Fittings,Indoor,,,,
WACO,Lighting Products,Indoor Glass Fittings,WACO,Lighting,Indoor LED & Downlights,Glass Fittings,,,,
WACO,Lighting Products,Industrial Lighting,WACO,Lighting,Industrial Lighting,,,,,
WACO,Lighting Products,LED Floodlights,WACO,Lighting,Floodlights,,,,,
WACO,Lighting Products,LED Indoor,WACO,Lighting,Indoor LED & Downlights,LED Indoor,,,,
WACO,Lighting Products,LED Outdoor,WACO,Lighting,Outdoor & Security Lighting,LED Outdoor,,,,
WACO,Lighting Products,Lamps,WACO,Lighting,Lamps & Bulbs,,,,,
WACO,Lighting Products,Outdoor Fluorescents,WACO,Lighting,Fluorescent Fittings,Outdoor,,,,
WACO,Lighting Products,Plastic Garden Spikes,WACO,Lighting,Outdoor & Security Lighting,Garden Spikes,,,,
WACO,Lighting Products,Saturn Spotlights,WACO,Lighting,Lamp Holders & Spotlights,,,,,
WACO,Lighting Products,Steel Downlights,WACO,Lighting,Indoor LED & Downlights,Steel Downlights,,,,
WACO,Power Products,Automation Devices,WACO,Electrical,Circuit Protection & Control,Automation & Pilot Devices,,,,
WACO,Power Products,Compact Pilot Devices,WACO,Electrical,Circuit Protection & Control,Automation & Pilot Devices,,,,
WACO,Power Products,Contactors And Contactor Relays,WACO,Electrical,Circuit Protection & Control,Contactors & Relays,,,,
WACO,Power Products,Electronic Sounders,WACO,Electrical,Circuit Protection & Control,Sounders,,,,
WACO,Power Products,Enclosed Isolators,WACO,Electrical,Circuit Protection & Control,Isolators,,,,
WACO,Power Products,Enclosures,WACO,Electrical,Enclosures & DB Boards,,,,,
WACO,Power Products,Industrial Plugs and Sockets,WACO,Electrical,"Switches, Plugs & Sockets",Industrial Plugs & Sockets,,,,
WACO,Power Products,Industrial Relays,WACO,Electrical,Circuit Protection & Control,Contactors & Relays,,,,
WACO,Power Products,Maintenance Chemicals,WACO,Electrical,Maintenance Chemicals,,,,,
WACO,Power Products,Miniature Circuit Breakers,WACO,Electrical,Circuit Protection & Control,Circuit Breakers (MCBs),,,,
WACO,Power Products,Switches,WACO,Electrical,"Switches, Plugs & Sockets",Switches,,,,
Wadfow,Hand tools,,Wadfow,Hand Tools,Other Hand Tools,,,,hand-tools,
Wadfow,Power tools accessories,,Wadfow,Power Tools & Accessories,Other Accessories,,,,wadfow-accessories,
