dept_slug,department,category,subcategory,note
plumbing,Plumbing,Pipe & Fittings,Pipe,
plumbing,Plumbing,Pipe & Fittings,HDPE Fittings,
plumbing,Plumbing,Pipe & Fittings,Galvanised Fittings & Stand Pipe,
plumbing,Plumbing,Pipe & Fittings,Compression Fittings,
plumbing,Plumbing,Pipe & Fittings,Capillary Fittings,
plumbing,Plumbing,Pipe & Fittings,Batts & Couplings,
plumbing,Plumbing,Pipe & Fittings,Underground Fittings 110mm,
plumbing,Plumbing,Pipe & Fittings,Soil & Vent Fittings,
plumbing,Plumbing,Valves,Ball Valves,
plumbing,Plumbing,Valves,Gate Valves,
plumbing,Plumbing,Valves,Angle Valves,
plumbing,Plumbing,Valves,Float Valves,
plumbing,Plumbing,Valves,Check Valves,
plumbing,Plumbing,Valves,Stopcocks,
plumbing,Plumbing,Valves,Washing Machine Valves,
plumbing,Plumbing,Valves,Other Valves,
plumbing,Plumbing,Taps & Mixers,Mixer Ranges,
plumbing,Plumbing,Taps & Mixers,Eternity Premium Range,
plumbing,Plumbing,Taps & Mixers,Taps & Tap Spares,
plumbing,Plumbing,Taps & Mixers,Packed Taps,
plumbing,Plumbing,Bathroom & Toilet,Shower & Bath,
plumbing,Plumbing,Bathroom & Toilet,Toilet & Cistern,
plumbing,Plumbing,Bathroom & Toilet,Wastes & Waste Spares,
plumbing,Plumbing,Bathroom & Toilet,Traps,
plumbing,Plumbing,Geysers,,
plumbing,Plumbing,Drainage & Rainwater,Drainage System,
plumbing,Plumbing,Drainage & Rainwater,PVC Rainwater,
plumbing,Plumbing,Drainage & Rainwater,Econo Rainwater,
plumbing,Plumbing,Tanks & Hose,Tank Fittings & Accessories,
plumbing,Plumbing,Tanks & Hose,Hose,
plumbing,Plumbing,Sheeting & Membranes,Builders Sheeting,
plumbing,Plumbing,Sheeting & Membranes,"Shadecloth, Foil & Membrane",
plumbing,Plumbing,Plumbing Consumables & Tools,,
electrical,Electrical,Wire & Wiring Accessories,,
electrical,Electrical,"Switches, Plugs & Sockets",Switches,
electrical,Electrical,"Switches, Plugs & Sockets",Plugs & Multiplugs,
electrical,Electrical,"Switches, Plugs & Sockets",Industrial Plugs & Sockets,
electrical,Electrical,Circuit Protection & Control,Circuit Breakers (MCBs),
electrical,Electrical,Circuit Protection & Control,Isolators,
electrical,Electrical,Circuit Protection & Control,Contactors & Relays,
electrical,Electrical,Circuit Protection & Control,Automation & Pilot Devices,
electrical,Electrical,Circuit Protection & Control,Sounders,
electrical,Electrical,Circuit Protection & Control,Meters,
electrical,Electrical,Enclosures & DB Boards,,
electrical,Electrical,Security,,
electrical,Electrical,Fans & Air Movement,,
electrical,Electrical,Contracting Items & Electrical Tools,,
electrical,Electrical,Maintenance Chemicals,,
electrical,Electrical,Sound Equipment & Miscellaneous,,
electrical,Electrical,Batteries & Torches,,Added in build: 40+ Energizer-brand batteries and torches sit under WACO Security
lighting,Lighting,Indoor LED & Downlights,Aluminium Downlights,
lighting,Lighting,Indoor LED & Downlights,Steel Downlights,
lighting,Lighting,Indoor LED & Downlights,LED Indoor,
lighting,Lighting,Indoor LED & Downlights,Glass Fittings,
lighting,Lighting,Outdoor & Security Lighting,Bulkheads,
lighting,Lighting,Outdoor & Security Lighting,Brick Lights,
lighting,Lighting,Outdoor & Security Lighting,LED Outdoor,
lighting,Lighting,Outdoor & Security Lighting,Garden Spikes,
lighting,Lighting,Floodlights,,
lighting,Lighting,Fluorescent Fittings,Indoor,
lighting,Lighting,Fluorescent Fittings,Outdoor,
lighting,Lighting,Industrial Lighting,,
lighting,Lighting,Lamps & Bulbs,,
lighting,Lighting,Lamp Holders & Spotlights,,
lighting,Lighting,General Lighting,,
solar-backup-power,Solar & Backup Power,Inverters,,
solar-backup-power,Solar & Backup Power,Batteries & Energy Storage,Residential Single Phase,
solar-backup-power,Solar & Backup Power,Batteries & Energy Storage,Residential Three Phase,
solar-backup-power,Solar & Backup Power,Batteries & Energy Storage,Commercial & Industrial,
solar-backup-power,Solar & Backup Power,Solar Panels,,
solar-backup-power,Solar & Backup Power,Kits & Backup Power Packages,,
solar-backup-power,Solar & Backup Power,Charge Controllers,,
solar-backup-power,Solar & Backup Power,"Protection: Isolators, Breakers & Fuses",,
solar-backup-power,Solar & Backup Power,Installation Accessories & Cables,,
solar-backup-power,Solar & Backup Power,"Monitoring, Meters & CTs",,
solar-backup-power,Solar & Backup Power,Solar Lights & DC Appliances,,
solar-backup-power,Solar & Backup Power,EV Chargers,,
power-tools,Power Tools & Accessories,Drills & Drivers,,
power-tools,Power Tools & Accessories,Grinders,,
power-tools,Power Tools & Accessories,Saws,,
power-tools,Power Tools & Accessories,Sanders & Polishers,,
power-tools,Power Tools & Accessories,Rotary Hammers,,
power-tools,Power Tools & Accessories,Planers & Routers,,
power-tools,Power Tools & Accessories,Welding,,
power-tools,Power Tools & Accessories,Water Pumps,,
power-tools,Power Tools & Accessories,Generators & Petrol Tools,,
power-tools,Power Tools & Accessories,Batteries & Chargers,,
power-tools,Power Tools & Accessories,Garden & Cleaning,,Added in build: Ingco cordless and petrol blowers
power-tools,Power Tools & Accessories,Other Power Tools,,Added in build: catch-all for Ingco items with no plan category
power-tools,Power Tools & Accessories,Drill Bits,Masonry Drill Bits,
power-tools,Power Tools & Accessories,Drill Bits,Metal Drill Bits,
power-tools,Power Tools & Accessories,Drill Bits,Wood Drill Bits,
power-tools,Power Tools & Accessories,Drill Bits,Ceramic Drill Bits,
power-tools,Power Tools & Accessories,Drill Bits,Drill Bit Sets,
power-tools,Power Tools & Accessories,Drill Bits,Drill Chucks,
power-tools,Power Tools & Accessories,Saw & Cutting Blades,Circular Saw Blades,
power-tools,Power Tools & Accessories,Saw & Cutting Blades,Diamond Blades,
power-tools,Power Tools & Accessories,Saw & Cutting Blades,Jigsaw Blades,
power-tools,Power Tools & Accessories,Saw & Cutting Blades,Hacksaw Blades,
power-tools,Power Tools & Accessories,Saw & Cutting Blades,Hole Saws,
power-tools,Power Tools & Accessories,Abrasives & Sanding,,
power-tools,Power Tools & Accessories,Power Bits,,
power-tools,Power Tools & Accessories,Other Accessories,,
hand-tools,Hand Tools,Screwdrivers & Sets,,
hand-tools,Hand Tools,Pliers & Gripping,,
hand-tools,Hand Tools,Spanners & Sockets,,
hand-tools,Hand Tools,Hammers & Striking,,
hand-tools,Hand Tools,Chisels & Punches,,
hand-tools,Hand Tools,Measuring & Marking,,
hand-tools,Hand Tools,Saws & Cutting,,
hand-tools,Hand Tools,Tin Snips,,
hand-tools,Hand Tools,Clamps & Vices,,
hand-tools,Hand Tools,Finishing & Plastering,,
hand-tools,Hand Tools,Garden Tools,,
hand-tools,Hand Tools,Tool Storage,,
hand-tools,Hand Tools,Safety Gear,,
hand-tools,Hand Tools,Tool Sets & Kits,,Added in build: Ingco and Wadfow chest sets and kits
hand-tools,Hand Tools,Other Hand Tools,,"Added in build: catch-all (riveters, staple guns, gear pullers)"
fixings-adhesives,Fixings & Adhesives,Screws,,
fixings-adhesives,Fixings & Adhesives,Nails,,
fixings-adhesives,Fixings & Adhesives,Anchors & Wall Plugs,,
fixings-adhesives,Fixings & Adhesives,"Nuts, Bolts & Washers",,
fixings-adhesives,Fixings & Adhesives,Rivets,,
fixings-adhesives,Fixings & Adhesives,Threaded Rod,,
fixings-adhesives,Fixings & Adhesives,Fastener Kits & Pre-packs,,
fixings-adhesives,Fixings & Adhesives,Ironmongery & Door Hardware,,
fixings-adhesives,Fixings & Adhesives,Tapes,Masking,
fixings-adhesives,Fixings & Adhesives,Tapes,Packaging,
fixings-adhesives,Fixings & Adhesives,Tapes,Insulation,
fixings-adhesives,Fixings & Adhesives,Tapes,Repair,
fixings-adhesives,Fixings & Adhesives,Mounting & Hanging,,
fixings-adhesives,Fixings & Adhesives,Weather Sealing,,
fixings-adhesives,Fixings & Adhesives,Bath & Household,,
air-tools-compressors,Air Tools & Compressors,Compressors,,
air-tools-compressors,Air Tools & Compressors,Air Tools,Nail Guns & Staplers,
air-tools-compressors,Air Tools & Compressors,Air Tools,Sanders,
air-tools-compressors,Air Tools & Compressors,Air Tools,Tyre Inflators,
air-tools-compressors,Air Tools & Compressors,Air Tools,Other Air Tools,
air-tools-compressors,Air Tools & Compressors,Spray Guns & Airbrushes,,
air-tools-compressors,Air Tools & Compressors,Air Treatment,,
air-tools-compressors,Air Tools & Compressors,Hoses & Hose Reels,,
air-tools-compressors,Air Tools & Compressors,Tubing,,
air-tools-compressors,Air Tools & Compressors,Hose Fittings,,
air-tools-compressors,Air Tools & Compressors,Push-in Fittings,,
air-tools-compressors,Air Tools & Compressors,Gauges,,
air-tools-compressors,Air Tools & Compressors,Vacuum Pumps,,
paint-waterproofing,Paint & Waterproofing,Interior Paint,Walls,
paint-waterproofing,Paint & Waterproofing,Interior Paint,Ceilings,
paint-waterproofing,Paint & Waterproofing,Interior Paint,Kitchen & Bathroom,
paint-waterproofing,Paint & Waterproofing,Exterior Paint,Walls,
paint-waterproofing,Paint & Waterproofing,Exterior Paint,Fascias & Gutters,
paint-waterproofing,Paint & Waterproofing,Roof Paint,,
paint-waterproofing,Paint & Waterproofing,Enamel & Metal Paint,,
paint-waterproofing,Paint & Waterproofing,Wood Care,,
paint-waterproofing,Paint & Waterproofing,"Primers, Undercoats & Prep",,
paint-waterproofing,Paint & Waterproofing,Cleaners & Strippers,,
paint-waterproofing,Paint & Waterproofing,Waterproofing,Acrylic,
paint-waterproofing,Paint & Waterproofing,Waterproofing,Bitumen,
paint-waterproofing,Paint & Waterproofing,Waterproofing,Torch-on,
paint-waterproofing,Paint & Waterproofing,Waterproofing,Cementitious,
paint-waterproofing,Paint & Waterproofing,Waterproofing,Damp Proofing,
paint-waterproofing,Paint & Waterproofing,Waterproofing,Self-adhesive,
paint-waterproofing,Paint & Waterproofing,"Floor, Automotive & Industrial",,
