supplier,brand,department,category,family,codes
WACO,WACO,Electrical,Circuit Protection & Control,THREE-PHASE FEEDER TERMINALS (1SAM201907R1101),D0003599
WACO,WACO,Electrical,Enclosures & DB Boards,POLE MOUNTING BRACKETS,I0006628 I0006629 I0006630
WACO,WACO,Electrical,Enclosures & DB Boards,READY BOARDS,C0001033
Five-star Solar (Fivestar LED),Fivestar,Electrical,Fans & Air Movement,Ceiling Fan Light Fs Fl073,
Five-star Solar (Fivestar LED),Fivestar,Lighting,Indoor LED & Downlights,6W Gu10 Dimmable,
Hanchu ESS,Hanchu,Solar & Backup Power,Batteries & Energy Storage,CESS-105K215AL,
Hanchu ESS,Hanchu,Solar & Backup Power,Batteries & Energy Storage,CESS-418K-S,
Hanchu ESS,Hanchu,Solar & Backup Power,Batteries & Energy Storage,CESS-418S-H,
Hanchu ESS,Hanchu,Solar & Backup Power,Batteries & Energy Storage,CESS-HV-9.4K,
Hanchu ESS,Hanchu,Solar & Backup Power,Batteries & Energy Storage,CESS-HY-25K/30K/36K/40K/50K,
Hanchu ESS,Hanchu,Solar & Backup Power,Batteries & Energy Storage,HANCHU ESS POLA-16L-P,
Hanchu ESS,Hanchu,Solar & Backup Power,Batteries & Energy Storage,HESS-Gateway-M1,
Hanchu ESS,Hanchu,Solar & Backup Power,Batteries & Energy Storage,HESS-HY-S-3.0K/3.68K/4.0K/5.0K/6.0K,
Hanchu ESS,Hanchu,Solar & Backup Power,Batteries & Energy Storage,HESS-OF-S-10K,
Hanchu ESS,Hanchu,Solar & Backup Power,Batteries & Energy Storage,HESS-OF-S-5K,
Hanchu ESS,Hanchu,Solar & Backup Power,Batteries & Energy Storage,HOME-ESS-LV-2.56K,
Hanchu ESS,Hanchu,Solar & Backup Power,Batteries & Energy Storage,HOME-ESS-LV-3.68K,
Hanchu ESS,Hanchu,Solar & Backup Power,Batteries & Energy Storage,HOME-ESS-LV-5.12K,
Hanchu ESS,Hanchu,Solar & Backup Power,Batteries & Energy Storage,HOME-ESS-LV-5.12K-S,
Hanchu ESS,Hanchu,Solar & Backup Power,Batteries & Energy Storage,HOME-ESS-LV-9.4K,
Hanchu ESS,Hanchu,Solar & Backup Power,Batteries & Energy Storage,HESS-HY-T-15K/20K-M4,
Hanchu ESS,Hanchu,Solar & Backup Power,Batteries & Energy Storage,HESS-HY-T-5K/6K/8K/10K/12K,
Hanchu ESS,Hanchu,Solar & Backup Power,Batteries & Energy Storage,HOME-ESS-HV-2.7K,
Hanchu ESS,Hanchu,Solar & Backup Power,Batteries & Energy Storage,HOME-ESS-HV-5.12K,
Hanchu ESS,Hanchu,Solar & Backup Power,EV Chargers,HC-EV-AC-07K/11K/22K-S0/S1,
Five-star Solar (Fivestar LED),Fivestar,Solar & Backup Power,Installation Accessories & Cables,Easy Wire Connector 3 Way,
Five-star Solar (Fivestar LED),Fivestar,Solar & Backup Power,Installation Accessories & Cables,Mc4 Solar Pv Connnector 4 1 T Branch,
Five-star Solar (Fivestar LED),Fivestar,Solar & Backup Power,Installation Accessories & Cables,Solar Pv Inline Fuse Connector,
Ruwag,Ruwag,Power Tools & Accessories,Abrasives & Sanding,Rubber Backing Pads,RSBPAD115 RSBPAD180
Wadfow,Wadfow,Hand Tools,Measuring & Marking,Mini spirit level 225mm,WSL4310
Ruwag,Ruwag,Fixings & Adhesives,Nails,Blue Tack Nail,
AirCraft (Vermont Sales),AirCraft,Air Tools & Compressors,Air Tools,Bevel Pinion Gear For At0025,AT0025-19
AirCraft (Vermont Sales),AirCraft,Air Tools & Compressors,Air Tools,Sand Blast Sand 150 Grit Alum Oxide For Air Brush 25kg,SANDBALC-150-25KG
AirCraft (Vermont Sales),AirCraft,Air Tools & Compressors,Air Tools,Sand Blast Sand Fine General Purp B60 1.5kg,SANDBL015-1
AirCraft (Vermont Sales),AirCraft,Air Tools & Compressors,Compressors,Adaptor For Comp 06 & 07,SG-HS-A7
AirCraft (Vermont Sales),AirCraft,Air Tools & Compressors,Spray Guns & Airbrushes,Air Brush Power Palette,SG-BD-821
Promac,Promac,Paint & Waterproofing,Cleaners & Strippers,Cement Cleaner,
Promac,Promac,Paint & Waterproofing,Cleaners & Strippers,Clean & Degrease,
Promac,Promac,Paint & Waterproofing,Cleaners & Strippers,E-Type Thinners,
Promac,Promac,Paint & Waterproofing,Cleaners & Strippers,Fungi Cleaner,
Promac,Promac,Paint & Waterproofing,Cleaners & Strippers,Lacquer Thinners,
Promac,Promac,Paint & Waterproofing,Cleaners & Strippers,Mineral Turpentine,
Promac,Promac,Paint & Waterproofing,Cleaners & Strippers,Paint Stripper,
Promac,Promac,Paint & Waterproofing,Cleaners & Strippers,Steel Cleaner,
Promac,Promac,Paint & Waterproofing,Cleaners & Strippers,Sugar Soap,
Promac,Promac,Paint & Waterproofing,Enamel & Metal Paint,Agrikote Truck & Tractor,
Promac,Promac,Paint & Waterproofing,Enamel & Metal Paint,Direct To Metal,
Promac,Promac,Paint & Waterproofing,Enamel & Metal Paint,Eggshell Enamel,
Promac,Promac,Paint & Waterproofing,Enamel & Metal Paint,Floor Enamel,
Promac,Promac,Paint & Waterproofing,Enamel & Metal Paint,Gloss Enamel,
Promac,Promac,Paint & Waterproofing,Enamel & Metal Paint,High Heat,
Promac,Promac,Paint & Waterproofing,Enamel & Metal Paint,Metal Etch Primer,
Promac,Promac,Paint & Waterproofing,Enamel & Metal Paint,Metal Primer,
Promac,Promac,Paint & Waterproofing,Enamel & Metal Paint,Non-Drip Enamel - SB,
Promac,Promac,Paint & Waterproofing,Enamel & Metal Paint,Non-Drip Enamel - WB,
Promac,Promac,Paint & Waterproofing,Enamel & Metal Paint,QD Enamel Top Coat,
Promac,Promac,Paint & Waterproofing,Enamel & Metal Paint,QD Steel Etch Primer,
Promac,Promac,Paint & Waterproofing,Enamel & Metal Paint,QD Steel Primer,
Promac,Promac,Paint & Waterproofing,Enamel & Metal Paint,Steelguard,
Promac,Promac,Paint & Waterproofing,Exterior Paint,Field Marking,
Promac,Promac,Paint & Waterproofing,Exterior Paint,Orchard Coat,
Promac,Promac,Paint & Waterproofing,Exterior Paint,Proroof Acrylic,
Promac,Promac,Paint & Waterproofing,Exterior Paint,Road Marking,
Promac,Promac,Paint & Waterproofing,Exterior Paint,Tuffbak,
Promac,Promac,Paint & Waterproofing,"Floor, Automotive & Industrial",Promac Cedar Mine Marking Spray,
Promac,Promac,Paint & Waterproofing,Interior Paint,Bathrooms & Kitchens,
Promac,Promac,Paint & Waterproofing,Interior Paint,Brick Dressing,
Promac,Promac,Paint & Waterproofing,Interior Paint,Chalk Walls,
Promac,Promac,Paint & Waterproofing,Interior Paint,Decorative Spraypaint,
Promac,Promac,Paint & Waterproofing,Interior Paint,Design 4-in-1,
Promac,Promac,Paint & Waterproofing,Interior Paint,Dimensions Low Sheen,
Promac,Promac,Paint & Waterproofing,Interior Paint,Dimensions Matt,
Promac,Promac,Paint & Waterproofing,Interior Paint,Dimensions Silk,
Promac,Promac,Paint & Waterproofing,Interior Paint,Hi Cover,
Promac,Promac,Paint & Waterproofing,Interior Paint,Hi Hiding Acrylic,
Promac,Promac,Paint & Waterproofing,Interior Paint,Homeguard Acrylic,
Promac,Promac,Paint & Waterproofing,Interior Paint,Micaguard Textured,
Promac,Promac,Paint & Waterproofing,Interior Paint,Newcoat Acrylic,
Promac,Promac,Paint & Waterproofing,Interior Paint,Wall & Floor Sealer,
Promac,Promac,Paint & Waterproofing,"Primers, Undercoats & Prep",All Purpose Crack Filler,
Promac,Promac,Paint & Waterproofing,"Primers, Undercoats & Prep",Bonding Liquid SB,
Promac,Promac,Paint & Waterproofing,"Primers, Undercoats & Prep",Bonding Liquid WB,
Promac,Promac,Paint & Waterproofing,"Primers, Undercoats & Prep",Galv Prep,
Promac,Promac,Paint & Waterproofing,"Primers, Undercoats & Prep",Multi-Surface Primer,
Promac,Promac,Paint & Waterproofing,"Primers, Undercoats & Prep",Plaster Primer SB,
Promac,Promac,Paint & Waterproofing,"Primers, Undercoats & Prep",Plaster Primer WB,
Promac,Promac,Paint & Waterproofing,"Primers, Undercoats & Prep",Plasterlock,
Promac,Promac,Paint & Waterproofing,"Primers, Undercoats & Prep",Rust Converter,
Promac,Promac,Paint & Waterproofing,"Primers, Undercoats & Prep",Stone Chip,
Promac,Promac,Paint & Waterproofing,"Primers, Undercoats & Prep",Universal Undercoat,
Promac,Promac,Paint & Waterproofing,"Primers, Undercoats & Prep",Wall Skim Plaster,
Promac,Promac,Paint & Waterproofing,"Primers, Undercoats & Prep",Wood Primer,
