supplier,category,family,grouped_by,rows,variants,first_variants
AirCraft (Vermont Sales),Air Tools & Compressors > Air Treatment,Comp. Auto Drain Valve Solenoid Brass,sizes,2,2,"1/2"" 220v | 1/4"" 220v"
AirCraft (Vermont Sales),Air Tools & Compressors > Air Treatment,Filter / Regulator / Lubricator,sizes,2,2,"1/2"" (hec4010-04) | 1/4"" (hes3010-02)"
AirCraft (Vermont Sales),Air Tools & Compressors > Air Treatment,Filter / Regulator / Lubricator With Auto Drain,sizes,2,2,"1/2"" (hec4010-04d) | 1/4"" (hec3010-02d)"
AirCraft (Vermont Sales),Air Tools & Compressors > Air Treatment,Filter / Regulator In Line,sizes,2,2,"1/2"" | 1/4"""
AirCraft (Vermont Sales),Air Tools & Compressors > Air Treatment,Filter / Regulator In Line With Auto Drain,sizes,2,2,"1/2"" | 1/4"""
AirCraft (Vermont Sales),Air Tools & Compressors > Air Treatment,Filter In Line Water Trap,sizes,2,2,"1/2"" | 1/4"""
AirCraft (Vermont Sales),Air Tools & Compressors > Air Treatment,Filter In Line With Auto Drain Water Trap,sizes,2,2,"1/2"" | 1/4"""
AirCraft (Vermont Sales),Air Tools & Compressors > Air Treatment,Lubricator In Line,sizes,2,2,"1/2"" | 1/4"""
AirCraft (Vermont Sales),Air Tools & Compressors > Air Treatment,Regulator In Line,sizes,2,2,"1/2"" | 1/4"""
AirCraft (Vermont Sales),Air Tools & Compressors > Gauges,Press. Gauge Rear Fit,sizes,5,5,"40mm 1/4"" 0-16bar 0-1600kpa | 40mm 1/8"" 0-16bar 0-1600kpa | 50mm 1/4"" 0-16bar 0-1600kpa | 50mm 1/8"" 0-16bar 0-1600kpa"
AirCraft (Vermont Sales),Air Tools & Compressors > Hose Fittings,4 Way Hose Connector,sizes,2,2,8mm | 8mm 1pce Blister
AirCraft (Vermont Sales),Air Tools & Compressors > Hose Fittings,Ball Valve Ff,sizes,6,6,"1-4"" | 1/2"" | 1/2"" 1pc Pack | 1/4"" 1pc Pack"
AirCraft (Vermont Sales),Air Tools & Compressors > Hose Fittings,Brass Conical Str. Joint,sizes,5,5,10mm | 12mm | 4mm | 6mm
AirCraft (Vermont Sales),Air Tools & Compressors > Hose Fittings,Brass Conical Str. Tube,sizes,13,13,"1/2"" X 1/2"" M | 1/2"" X 1/4"" M | 1/2"" X 3/8"" M | 1/4"" X 1/2"" M"
AirCraft (Vermont Sales),Air Tools & Compressors > Hose Fittings,Connector Aro Type Female,sizes,2,2,"1/4"" 2pack | 1/4"" Bulk"
AirCraft (Vermont Sales),Air Tools & Compressors > Hose Fittings,Connector Aro Type Hosetail,sizes,5,5,10mm 2pc Pack | 10mm Bulk | 6mm 2pc Pack | 6mm Bulk
AirCraft (Vermont Sales),Air Tools & Compressors > Hose Fittings,Connector Aro Type Male,sizes,2,2,"1/4"" 2pack | 1/4"" Bulk"
AirCraft (Vermont Sales),Air Tools & Compressors > Hose Fittings,Connector German Female,sizes,4,4,"1/4"" 2pc Pack | 1/4"" Bulk | 3/8"" 2pc Pack | 3/8"" Bulk"
AirCraft (Vermont Sales),Air Tools & Compressors > Hose Fittings,Connector German Hosetail,sizes,6,6,10mm 2pc Pack | 10mm Bulk | 6mm 2pc Pack | 6mm Bulk
AirCraft (Vermont Sales),Air Tools & Compressors > Hose Fittings,Connector German Male,sizes,4,4,"1/4"" 2pc Pack | 1/4"" Bulk | 3/8"" 2pc Pack | 3/8"" Bulk"
AirCraft (Vermont Sales),Air Tools & Compressors > Hose Fittings,Double Ear Clamp C/steel,sizes,5,5,11-13mm | 13-15mm | 15-18mm | 17-20mm
AirCraft (Vermont Sales),Air Tools & Compressors > Hose Fittings,Flow Control Silencer Brass,sizes,4,4,"1/2"" M | 1/4"" M | 1/8"" M | 3/8"" M"
AirCraft (Vermont Sales),Air Tools & Compressors > Hose Fittings,Hose Clamp Each,sizes,2,2,11-23mm | 6-22mm Gm6
AirCraft (Vermont Sales),Air Tools & Compressors > Hose Fittings,Hose Tail Connector Brass,sizes,17,17,1/4f X 10mm | 1/4f X 10mm 1pc Pack | 1/4f X 12mm | 1/4f X 12mm 1pc Pack
AirCraft (Vermont Sales),Air Tools & Compressors > Hose Fittings,Hosetail,sizes,9,9,"1/4"" X 10mm 2pc Pack | 1/4"" X 10mm Bulk | 1/4""f X 10mm 2pc Pack | 1/4""f X 10mm Bulk"
AirCraft (Vermont Sales),Air Tools & Compressors > Hose Fittings,Manifold Brass,sizes,9,9,1/2x1/2 F/f | 1/2x1/2 F/f 1pc Pack | 1/4x1/4 F/f | 1/4x1/4 F/f 1pc Pack
AirCraft (Vermont Sales),Air Tools & Compressors > Hose Fittings,Muffler Brass Conical Male,sizes,4,4,"1/2"" | 1/4"" | 1/8"" | 3/8"""
AirCraft (Vermont Sales),Air Tools & Compressors > Hose Fittings,Muffler Brass Flat Male,sizes,4,4,"1/2"" | 1/4"" | 1/8"" | 3/8"""
AirCraft (Vermont Sales),Air Tools & Compressors > Hose Fittings,Muffler Metal Conical Male,sizes,4,4,"1/2"" | 1/4"" | 1/8"" | 3/8"""
AirCraft (Vermont Sales),Air Tools & Compressors > Hose Fittings,Muffler Metal Flat Male,sizes,4,4,"1/2"" | 1/4"" | 1/8"" | 3/8"""
AirCraft (Vermont Sales),Air Tools & Compressors > Hose Fittings,Nipple Brass,sizes,22,22,1/2x1/2 M/m | 1/2x1/2 M/m 1pc Pack | 1/2x3/4 M/m | 1/2x3/4 M/m 1pc Pack
AirCraft (Vermont Sales),Air Tools & Compressors > Hose Fittings,Nipple Conical,sizes,2,2,1/8x1/8 M/m | 1/8x1/8 M/m 1pc Pack
AirCraft (Vermont Sales),Air Tools & Compressors > Hose Fittings,Plastic Breather Silencer Blue,sizes,5,5,"1/2"" M | 1/4"" M | 1/8"" M | 3/4"" M"
AirCraft (Vermont Sales),Air Tools & Compressors > Hose Fittings,Plastic Breather Silencer Orange,sizes,5,5,"1/2"" M | 1/4"" M | 1/8"" M | 3/4"" M"
AirCraft (Vermont Sales),Air Tools & Compressors > Hose Fittings,Ptfe Tape,sizes,4,4,12mmx0.075mmx10m Roll 2pce Pack | 12mmx0.075mmx10m Roll Bulk | 19mmx0.075mmx10m Roll Bulk | 19mmx0.1mmx40m Roll Bulk
AirCraft (Vermont Sales),Air Tools & Compressors > Hose Fittings,Quick Coupler Universal Female,sizes,6,6,"1/2"" | 1/2"" 1pc Pack | 1/4"" | 1/4"" 1pc Pack"
AirCraft (Vermont Sales),Air Tools & Compressors > Hose Fittings,Quick Coupler Universal Hosetail,sizes,6,6,10mm | 10mm 1pc Pack | 6mm | 6mm 1pc Pack
AirCraft (Vermont Sales),Air Tools & Compressors > Hose Fittings,Quick Coupler Universal Male,sizes,6,6,"1/2"" | 1/2"" 1pc Pack | 1/4"" | 1/4"" 1pc Pack"
AirCraft (Vermont Sales),Air Tools & Compressors > Hose Fittings,Reducer Brass,sizes,22,22,1/2x1/2 M/f | 1/2x1/2 M/f 1pc Pack | 1/2x3/4 M/f | 1/2x3/4 M/f 1pc Pack
AirCraft (Vermont Sales),Air Tools & Compressors > Hose Fittings,Reducer Brass Conical,sizes,17,17,1/2x1/4 M/f | 1/2x1/4 M/f 1pc Pack | 1/2x1/8 M/f | 1/2x1/8 M/f 1pc Pack
AirCraft (Vermont Sales),Air Tools & Compressors > Hose Fittings,Reducing Manifold,sizes,2,2,1/8x3/8 F/f | 1/8x3/8 F/f 1pc Pack
AirCraft (Vermont Sales),Air Tools & Compressors > Hose Fittings,Reducing Manifold Brass,sizes,13,13,1/2x3/4 F/f | 1/2x3/4 F/f 1pc Pack | 1/4x1/2 F/f | 1/4x1/2 F/f 1pc Pack
AirCraft (Vermont Sales),Air Tools & Compressors > Hose Fittings,T Type Hose Connector,sizes,2,2,8mm 1pce Blister | 8mm Bulk
AirCraft (Vermont Sales),Air Tools & Compressors > Hose Fittings,Y Type Hose Connector,sizes,2,2,8mm 1pce Blister | 8mm Bulk
AirCraft (Vermont Sales),Air Tools & Compressors > Hoses & Hose Reels,Flex Air Hose Orange Wp300 Psi Bp 900 Psi Yohkon Flex,sizes,2,2,10mm X 100m | 8mm X 100m
AirCraft (Vermont Sales),Air Tools & Compressors > Hoses & Hose Reels,Spiral Hose W/aro Quick Coupler,sizes,2,2,15mx8mm | 5m X 8mm X 5.5mm
AirCraft (Vermont Sales),Air Tools & Compressors > Push-in Fittings,Closing Plug Pu,sizes,5,5,10mm | 12mm | 4mm | 6mm
AirCraft (Vermont Sales),Air Tools & Compressors > Push-in Fittings,Elbow Pu Hose Fitting,sizes,16,16,12mm-1/2 M | 12mm-1/4 M | 12mm-1/8 M | 12mm-3/8 M
AirCraft (Vermont Sales),Air Tools & Compressors > Push-in Fittings,Elbow W/o-ring Pu Hose Fitting,sizes,16,16,10mm-1/8 M | 12mm-1/2 M | 12mm-1/4 M | 12mm-1/8 M
AirCraft (Vermont Sales),Air Tools & Compressors > Push-in Fittings,Flow Control Mount Str. Pu,sizes,5,5,10mm | 12mm | 4mm | 6mm
AirCraft (Vermont Sales),Air Tools & Compressors > Push-in Fittings,Flow Control Swiv. Elbow Pu,sizes,18,18,"10mm X 1/2"" M | 10mm X 1/4"" M | 10mm X 1/8"" M | 10mm X 3/8"" M"
AirCraft (Vermont Sales),Air Tools & Compressors > Push-in Fittings,Insert Elbow Pu,sizes,5,5,10mm | 12mm | 4mm | 6mm
AirCraft (Vermont Sales),Air Tools & Compressors > Push-in Fittings,Insert Manifold Side 4-port Pu,sizes,4,4,10mm | 4mm | 6mm | 8mm
AirCraft (Vermont Sales),Air Tools & Compressors > Push-in Fittings,Insert T-joint Pu,sizes,5,5,10mm | 12mm | 4mm | 6mm
AirCraft (Vermont Sales),Air Tools & Compressors > Push-in Fittings,Insert T-joint Side Pu,sizes,5,5,10mm | 12mm | 4mm | 6mm
AirCraft (Vermont Sales),Air Tools & Compressors > Push-in Fittings,Insert Y-joint Pu,sizes,5,5,10mm | 12mm | 4mm | 6mm
AirCraft (Vermont Sales),Air Tools & Compressors > Push-in Fittings,Metal Bulkhead Str. Connector,sizes,5,5,10mm | 12mm | 4mm | 6mm
AirCraft (Vermont Sales),Air Tools & Compressors > Push-in Fittings,Metal Flow Control,sizes,18,18,"10mm X 1/2"" M | 10mm X 1/4"" M | 10mm X 1/8"" M | 10mm X 3/8"" M"
AirCraft (Vermont Sales),Air Tools & Compressors > Push-in Fittings,Metal Pu Fitting Elbow,sizes,23,23,"10mm | 10mm 1/2"" M | 10mm 1/4"" M | 10mm 1/8"" M"
AirCraft (Vermont Sales),Air Tools & Compressors > Push-in Fittings,Metal Pu Fitting Straight,sizes,41,41,"10mm | 10mm 1/2"" F | 10mm 1/4"" F | 10mm 1/8"" F"
AirCraft (Vermont Sales),Air Tools & Compressors > Push-in Fittings,Metal Pu Fitting T-joint,sizes,23,23,"10mm | 10mm 1/2"" M | 10mm 1/4"" M | 10mm 1/8"" M"
AirCraft (Vermont Sales),Air Tools & Compressors > Push-in Fittings,Metal Pu Fitting Y-joint,sizes,5,5,10mm | 12mm | 4mm | 6mm
AirCraft (Vermont Sales),Air Tools & Compressors > Push-in Fittings,Metal Swiv. Elbow,sizes,18,18,"10mm X 1/2"" M | 10mm X 1/4"" M | 10mm X 1/8"" M | 10mm X 3/8"" M"
AirCraft (Vermont Sales),Air Tools & Compressors > Push-in Fittings,Pu Fitting Str. Stud W/o-ring,sizes,19,19,"10mm-1/2 M | 10mm-1/4 M | 10mm-1/8"" M | 10mm-3/8 M"
AirCraft (Vermont Sales),Air Tools & Compressors > Push-in Fittings,Pu Hose Connector Id Od Metal German Coupler Insert,sizes,2,2,6mm X 8mm | 8mm X 10mm
AirCraft (Vermont Sales),Air Tools & Compressors > Push-in Fittings,Pu Hose Fitting 4 Way Connector,sizes,5,5,10mm | 12mm | 4mm | 6mm
AirCraft (Vermont Sales),Air Tools & Compressors > Push-in Fittings,Pu Hose Fitting Elbow,sizes,29,29,10mm | 10mm-1/2 F | 10mm-1/2 M | 10mm-1/4 F
AirCraft (Vermont Sales),Air Tools & Compressors > Push-in Fittings,Pu Hose Fitting Elbow W/o-ring,sizes,4,4,10mm-1/2m | 10mm-1/4 M | 10mm-3/8 M | 8mm-1/2 M
AirCraft (Vermont Sales),Air Tools & Compressors > Push-in Fittings,Pu Hose Fitting Equal Joiner,sizes,6,6,10mm | 12mm | 14mm | 4mm
AirCraft (Vermont Sales),Air Tools & Compressors > Push-in Fittings,Pu Hose Fitting Manifold,sizes,8,8,10mm-10mm | 10mm-8mm | 12mm-10mm | 4mm-4mm
AirCraft (Vermont Sales),Air Tools & Compressors > Push-in Fittings,Pu Hose Fitting Manifold 4 Port,sizes,14,14,"X 10mm X 1/2""m | X 10mm X 1/4""m | X 10mm X 1/8""m | X 10mm X 3/8""m"
AirCraft (Vermont Sales),Air Tools & Compressors > Push-in Fittings,Pu Hose Fitting Reducer,sizes,5,5,10mm-8mm | 12mm-10mm | 14mm-12mm | 6mm-4mm
AirCraft (Vermont Sales),Air Tools & Compressors > Push-in Fittings,Pu Hose Fitting Straight Stud,sizes,39,39,10mm-1/2 F | 10mm-1/2 M | 10mm-1/4 F | 10mm-1/4 M
AirCraft (Vermont Sales),Air Tools & Compressors > Push-in Fittings,Pu Hose Fitting Straight Stud Male,sizes,2,2,6mm-m5 | 6mm-m6
AirCraft (Vermont Sales),Air Tools & Compressors > Push-in Fittings,Pu Hose Fitting Tee,sizes,61,61,"10mm | 10mm X 1/2""f X 1/2""m | 10mm X 1/4""f X 1/4""m | 10mm X 1/8""f X 1/8""m"
AirCraft (Vermont Sales),Air Tools & Compressors > Push-in Fittings,Pu Hose Fitting Valve,sizes,25,25,"1/2""m X 1/2""m | 1/4""m X 1/4""m | 1/8""m X 1/4""m | 1/8""m X 1/8""m"
AirCraft (Vermont Sales),Air Tools & Compressors > Push-in Fittings,Pu Hose Fitting Y Joint,sizes,25,25,10mm | 10mm-1/2 M | 10mm-1/4 M | 10mm-1/8 M
AirCraft (Vermont Sales),Air Tools & Compressors > Push-in Fittings,Red Insert Str. Pu,sizes,8,8,10mm 6mm | 10mm 8mm | 12mm 10mm | 12mm 6mm
AirCraft (Vermont Sales),Air Tools & Compressors > Push-in Fittings,Red. Insert Elbow Pu,sizes,4,4,10mm 8mm | 12mm 10mm | 6mm 4mm | 8mm 6mm
AirCraft (Vermont Sales),Air Tools & Compressors > Push-in Fittings,Red. Insert Manifold Side 4-port Pu,sizes,5,5,10mm 6mm | 10mm 8mm | 6mm 4mm | 8mm 4mm
AirCraft (Vermont Sales),Air Tools & Compressors > Push-in Fittings,Red. Insert T-joint Pu,sizes,4,4,10mm 8mm | 12mm 10mm | 6mm 4mm | 8mm 6mm
AirCraft (Vermont Sales),Air Tools & Compressors > Push-in Fittings,Red. Insert T-joint Side Pu,sizes,4,4,10mm 8mm | 12mm 10mm | 6mm 4mm | 8mm 6mm
AirCraft (Vermont Sales),Air Tools & Compressors > Push-in Fittings,Red. Insert Y-joint Pu,sizes,4,4,10mm 8mm | 12mm 10mm | 6mm 4mm | 8mm 6mm
AirCraft (Vermont Sales),Air Tools & Compressors > Push-in Fittings,Swivel Elbow Pu,sizes,17,17,"10mm X 1/2"" M | 10mm X 1/4"" M | 10mm X 1/8"" M | 10mm X 3/8"" M"
AirCraft (Vermont Sales),Air Tools & Compressors > Tubing,Polyurethane Hose Blue O.d. Per Metre,sizes,5,5,10mm (100m Roll) | 12mm (100m Roll) | 4mm (200m Roll) | 6mm (200m Per Roll)
Ingco,Air Tools & Compressors > Compressors,20V Lithium-Ion auto air compressor,name,2,2,CACLI2012 | CACLI2018
Ingco,Air Tools & Compressors > Compressors,Auto Air Compressor,name,2,2,AAC2508 | AAC1408
Ingco,Fixings & Adhesives > Nails,Brad Nail,name,4,4,ANA18356 | ANA18351 | ANA18201 | ANA18506
Ingco,Fixings & Adhesives > Nails,Concrete Nail,name,2,2,ANA12018 | ANA01181
Ingco,Hand Tools > Chisels & Punches,Wood Chisel Set,name,2,2,HKTWC0401 | HKTWCS301
Ingco,Hand Tools > Clamps & Vices,Bench Vice,name,4,4,HBV082 | HBV088 | HBV086 | HBV084
Ingco,Hand Tools > Clamps & Vices,F Clamp,name,4,4,HFC021404 | HFC021201 | HFC020802 | HFC020501
Ingco,Hand Tools > Clamps & Vices,Quick Bar Clamp,name,2,2,HQBC18801 | HQBC01601
Ingco,Hand Tools > Hammers & Striking,Claw Hammer,name,2,2,HCH81020 | HCH81016L
Ingco,Hand Tools > Hammers & Striking,Machinist Hammer,name,2,2,HMH822000 | HMH82500L
Ingco,Hand Tools > Hammers & Striking,Rubber Hammer,name,2,2,HRUH8916 | HRUH8816
Ingco,Hand Tools > Hammers & Striking,Sledge Hammer,name,2,2,HSM81598 | HSLH8104
Ingco,Hand Tools > Hammers & Striking,Stoning Hammer,name,3,3,HSTH83498 | HSTH82000 | HSTH81000L
Ingco,Hand Tools > Other Hand Tools,Gear Puller,name,6,6,HGP08036 | HGP08033 | HGP08023 | HGP08034
Ingco,Hand Tools > Other Hand Tools,Hand Riveter,name,3,3,HR105 | HRS108 | HR131
Ingco,Hand Tools > Other Hand Tools,Hydraulic Crimping Tool,name,2,2,HHCT01240 | HHCT0170
Ingco,Hand Tools > Other Hand Tools,Staples Gun,name,2,2,HSG14018 | HSG1408
Ingco,Hand Tools > Pliers & Gripping,Circlip pliers,name,2,2,HCCP261804 | HCCP261801
Ingco,Hand Tools > Pliers & Gripping,Combination Plier,name,9,9,HHCP28240 | HHCP28200 | HHCP28180 | HHCP28160
Ingco,Hand Tools > Pliers & Gripping,Combination Pliers,name,3,3,HICP28208 | HICP28188 | HICP28168
Ingco,Hand Tools > Pliers & Gripping,Compound Combination Plier,name,2,2,HCCP58240 | HCCP58200
Ingco,Hand Tools > Pliers & Gripping,Compound Diagonal Plier,name,2,2,HCDCP58230 | HCDCP58200
Ingco,Hand Tools > Pliers & Gripping,Curve Jaw Locking Plier,name,3,3,HCJLW0110 | HCJLW0210 | HCJLW0207
Ingco,Hand Tools > Pliers & Gripping,Diagonal Plier,name,10,10,HIHDCP28188 | HIHLDCP28160 | HHHDCP28180 | HHLDCP28180
Ingco,Hand Tools > Pliers & Gripping,End Cutter Plier,name,2,2,HECP02180 | HECP28160
Ingco,Hand Tools > Pliers & Gripping,Longnose Plier,name,6,6,HILNP28208 | HILNP28168 | HHLNP28200 | HHLNP28160
Ingco,Hand Tools > Pliers & Gripping,Plier Set,name,4,4,HIKPS28318 | HKHLPS2831 | HKPS28318 | HKPS08318
Ingco,Hand Tools > Pliers & Gripping,Slip Joint Plier,name,2,2,HSPJP02250 | HSPJP02200
Ingco,Hand Tools > Pliers & Gripping,Water Pump Plier,name,6,6,HIPP28250 | HPP03300 | HPP68258 | HPP28251
Ingco,Hand Tools > Pliers & Gripping,Wire Stripper Plier,name,4,4,HWSP101 | HWSP851 | HIWSP28160 | HWSP28160
Ingco,Hand Tools > Saws & Cutting,Auto Pipe Cutter,name,2,2,HPC0442 | HPCS05428
Ingco,Hand Tools > Saws & Cutting,Cable Cutter,name,2,2,HCCB0124 | HCCB0206
Ingco,Hand Tools > Saws & Cutting,Electricians Scissor,name,2,2,HES051708 | HES02855
Ingco,Hand Tools > Saws & Cutting,Mini Saw Frame,name,2,2,MHHF1503 | MHHF1504
Ingco,Hand Tools > Saws & Cutting,Pipe Cutter,name,2,2,HPC0232 | HPC0535
Ingco,Hand Tools > Saws & Cutting,Tile cutter,name,2,2,HTC04602 | HTC04601
Ingco,Hand Tools > Screwdrivers & Sets,Phillips screwdriver,name,7,7,HSDPH2038 | HSDPH1100 | HSDPH0075 | HSDPH3200
Ingco,Hand Tools > Screwdrivers & Sets,Screwdriver,name,11,11,HKISD0608 | HISD81PZ2100 | HISD81PZ180 | HISD81PH3150
Ingco,Hand Tools > Screwdrivers & Sets,Screwdriver Set,name,15,15,AKISD0608 | AKISD0201 | HKISD0908 | HKSD2658
Ingco,Hand Tools > Screwdrivers & Sets,Slotted Screwdriver,name,7,7,HSDSL4100 | HSDSL5100 | HSDSL8150 | HSDSL8200
Ingco,Hand Tools > Spanners & Sockets,Allen Key Set,name,6,6,HHKSET0181 | HHK13092 | HHK13091 | HHK12092
Ingco,Hand Tools > Spanners & Sockets,Impact Socket Set,name,2,2,HKISSD38104 | HKISSD12101
Ingco,Hand Tools > Spanners & Sockets,Socket Set,name,11,11,HKTS034151 | HKTS0243 | HKTS42941 | HKTS42441
Ingco,Power Tools & Accessories > Batteries & Chargers,20V Lithium-Ion Battery charger,name,4,4,FCLI2064 | FCLI2034 | FCLI20411 | FCLI2001
Ingco,Power Tools & Accessories > Batteries & Chargers,20V Lithium-Ion Battery Pack,name,4,4,FBLI2108 | FBLI20031 | FBLI20021 | FBLI20011
Ingco,Power Tools & Accessories > Drills & Drivers,20V Lithium-Ion Cordless Drill,name,5,5,CDLI20668 | CDLI206681 | CDLI16682 | CDLI205581
Ingco,Power Tools & Accessories > Drills & Drivers,20V Lithium-ion Drive Ratchet,name,2,2,CDRLI2060151 | CDRLI2060152
Ingco,Power Tools & Accessories > Drills & Drivers,20V Lithium-Ion Impact Drill,name,7,6,CIDLI20868 | CIDLI20768 | CIDLI206681 | CIDLI20668
Ingco,Power Tools & Accessories > Drills & Drivers,20V Lithium-Ion Impact Wrench,name,7,7,CIWLI201751 | CIWLI201351 | CIWLI2085 | CIWLI20851
Ingco,Power Tools & Accessories > Drills & Drivers,4V Lithium-Ion Cordless Screwdriver,name,4,4,CSDLI0442 | CSDLI0458 | CSDLI04062 | CSDLI04425
Ingco,Power Tools & Accessories > Drills & Drivers,Impact Drill,name,3,3,ID7118 | ID11008 | ID8108
Ingco,Power Tools & Accessories > Garden & Cleaning,20V Lithium-Ion Blower,name,6,6,CABLI204282 | CABLI20428 | CABLI20018 | CABLI20323
Ingco,Power Tools & Accessories > Garden & Cleaning,20V Lithium-Ion Chain Saw,name,2,2,CGSLI201286 | CGSLI40168
Ingco,Power Tools & Accessories > Garden & Cleaning,20V Lithium-Ion Grass Trimmer,name,3,3,CGTLI203285 | CGTLI20328 | CGTLI20018
Ingco,Power Tools & Accessories > Garden & Cleaning,20V Lithium-Ion Hedge Trimmer,name,2,2,CHTLI40028 | CHTLI20018
Ingco,Power Tools & Accessories > Garden & Cleaning,20V Lithium-Ion Pole Hedge Trimmer,name,2,2,CPHT201601 | CPHT2016012
Ingco,Power Tools & Accessories > Garden & Cleaning,20V Lithium-Ion Pressure Washer,name,2,2,CPWLI4006 | CPWLI2036
Ingco,Power Tools & Accessories > Garden & Cleaning,20V Lithium-Ion Pruner Saw,name,2,2,CGSLI20581 | CGSLI2058
Ingco,Power Tools & Accessories > Garden & Cleaning,20V Lithium-Ion Vacuum Cleaner,name,4,4,CVLI20061 | CVLI2006 | CVLI20126 | CVLI201261
Ingco,Power Tools & Accessories > Garden & Cleaning,40V Lithium-Ion String Trimmer And Brush Cutter,name,2,2,CSTLI200285 | CSTLI20018
Ingco,Power Tools & Accessories > Garden & Cleaning,Gasoline Lawn Mower,name,2,2,GLM196201 | GLM141181
Ingco,Power Tools & Accessories > Garden & Cleaning,High Pressure Washer,name,5,5,HPWR25008 | HPWR20008 | HPWR14008 | HPWR16008
Ingco,Power Tools & Accessories > Generators & Petrol Tools,Gasoline Generator,name,5,5,GE8002 | GE75006 | GE150006ES | GE30005
Ingco,Power Tools & Accessories > Grinders,20V Lithium-Ion angle grinder,name,6,6,CAGLI261521 | CAGLI211156 | CAGLI2211532 | CAGLI221153
Ingco,Power Tools & Accessories > Grinders,20V Lithium-Ion Mini Cut-off Tool,name,2,2,CAGLI76012 | CAGLI7601
Ingco,Power Tools & Accessories > Grinders,Angle Grinder,name,5,5,AG24008 | AG8508 | AG110038 | AG90028
Ingco,Power Tools & Accessories > Other Power Tools,20V Lithium-Ion Concrete Vibrator,name,2,2,CCVLI2023011 | CCVLI202301
Ingco,Power Tools & Accessories > Other Power Tools,20V Lithium-Ion Cordless Brad Nailer,name,4,4,CBNLI5005 | CBNLI2005 | CBNLI2008 | CBNLI5008
Ingco,Power Tools & Accessories > Other Power Tools,20V Lithium-Ion Cordless Brick Nailer,name,2,2,CSTLI3808 | CSTLI3805
Ingco,Power Tools & Accessories > Other Power Tools,20V Lithium-Ion Cordless Pin Nailer,name,2,2,CBNLI3603 | CBNLI3606
Ingco,Power Tools & Accessories > Other Power Tools,20V Lithium-Ion Crown Stapler Nailer,name,2,2,CCSNLI6005 | CCSNLI6008
Ingco,Power Tools & Accessories > Other Power Tools,20V Lithium-Ion Fan,name,3,3,CFALI2001 | CFALI2002 | CFALI2007
Ingco,Power Tools & Accessories > Other Power Tools,20V Lithium-Ion Gauge Straight Shear,name,2,2,CSSLI203083 | CSSLI20308
Ingco,Power Tools & Accessories > Other Power Tools,20V Lithium-Ion Heat Gun,name,3,3,HGLI2003 | HGLI20035 | HGLI2006
Ingco,Power Tools & Accessories > Other Power Tools,20V Lithium-Ion Multi-tool,name,2,2,CMLI20228 | CMLI2022
Ingco,Power Tools & Accessories > Other Power Tools,20V Lithium-Ion Portable Lamp,name,3,3,HRLF4415 | CWLI2025 | CWLI20258
Ingco,Power Tools & Accessories > Other Power Tools,20V Lithium-Ion Spray Gun,name,2,2,CSGLI2004 | CSGLI20042
Ingco,Power Tools & Accessories > Other Power Tools,20V Lithium-Ion Work Lamp,name,3,3,CWLI2088 | CWLI20881 | HWLI043006
Ingco,Power Tools & Accessories > Other Power Tools,Heat Gun,name,3,3,HG200078 | HG200058 | HG200047
Ingco,Power Tools & Accessories > Other Power Tools,HVLP Spray Gun,name,2,2,SPG5008-2 | SPG5008
Ingco,Power Tools & Accessories > Other Power Tools,Lithium-ion Cordless 2 Piece Combo Kit,name,2,2,CKLI20273 | CKLI20766
Ingco,Power Tools & Accessories > Power Bits,Impact screwdriver bits,name,8,8,SDBIM71PH1200 | SDBIM71PH2150 | SDBIM71PH350 | SDBIM72PH265
Ingco,Power Tools & Accessories > Rotary Hammers,20V Lithium-Ion Rotary Hammer,name,4,4,CRHLI20288 | CRHLI20188 | CRHLI202885 | CRHLI21228
Ingco,Power Tools & Accessories > Rotary Hammers,Demolition Breaker,name,4,4,PDB170068 | PDB22001 | PDB17008 | PDB130018
Ingco,Power Tools & Accessories > Rotary Hammers,Rotary Hammer,name,9,9,RH150038 | RH1600388 | RH150028 | RH10506
Ingco,Power Tools & Accessories > Sanders & Polishers,20V Lithium-Ion Polisher,name,5,5,APLI2015 | APLI2018 | APLI20181 | APLI20151
Ingco,Power Tools & Accessories > Saws,20V Lithium-Ion circular saw,name,3,3,CSLI1402 | CSLI1652 | CSLI1851
Ingco,Power Tools & Accessories > Saws,20V Lithium-ion reciprocating saw,name,2,2,CRSLI6508 | CRSLI2108
Ingco,Power Tools & Accessories > Saws,Circular Saw,name,2,2,CS18568 | CS18538
Ingco,Power Tools & Accessories > Saws,Jigsaw,name,2,2,JS80028 | JS57028
Ingco,Power Tools & Accessories > Water Pumps,Automatic Pump Control,name,2,2,WAPS002 | WAPS001
Ingco,Power Tools & Accessories > Water Pumps,Gasoline water pump,name,4,4,GWP412 | GWP302 | GWP202 | GWP102
Ingco,Power Tools & Accessories > Water Pumps,Jet Pump,name,2,2,JP110068 | JP075068
Ingco,Power Tools & Accessories > Water Pumps,Water Pump,name,5,5,CPM150068 | CPM75068 | VPM55068 | VPM37068
Ingco,Power Tools & Accessories > Welding,Electrode Holder,name,4,4,WAH10008 | WAH8008 | WAH5008 | WAH3008
Ingco,Power Tools & Accessories > Welding,Inverter MMA welding machine,name,2,2,ING-MMA16049N | ING-MMA13049N
Ruwag,Fixings & Adhesives > Nails,Type 140 Staple,sizes,2,2,1.2x10mm | 1.2x8mm
Ruwag,Fixings & Adhesives > Nails,Type 53 Staple,sizes,2,2,0.7x6mm | 0.7x8mm
Ruwag,Hand Tools > Chisels & Punches,Crow Bar,sizes,2,2,20x800mm | 600mm
Ruwag,Hand Tools > Chisels & Punches,Flat Cold Chisel,sizes,3,3,22x16x200mm | 22x16x250mm | 24x18x300mm
Ruwag,Hand Tools > Chisels & Punches,Orange/Black Handle Wood Chisel,sizes,8,8,10mm | 13mm | 16mm | 19mm
Ruwag,Hand Tools > Chisels & Punches,Point Cold Chisel,sizes,3,3,4x16x200mm | 4x16x250mm | 4x18x300mm
Ruwag,Hand Tools > Clamps & Vices,G-Clamp,sizes,3,3,"4"" (100mm) | 6"" (150mm) | 8"" (200mm)"
Ruwag,Hand Tools > Clamps & Vices,Heavy Duty F-Clamp,sizes,6,6,120x1000mm | 120x300mm | 120x600mm | 120x800mm
Ruwag,Hand Tools > Clamps & Vices,Heavy Duty Pipe Wrench,sizes,6,6,"12"" (300mm) | 14"" (350mm) | 18"" (450mm) | 24"" (600mm)"
Ruwag,Hand Tools > Clamps & Vices,Quick Ratchet Bar Clamp,sizes,5,5,"12"" (250mm) | 24"" (600mm) | 4"" (100mm) | 6"" (150mm)"
Ruwag,Hand Tools > Clamps & Vices,Spring Clamp Set,sizes,2,2,"6 Piece x 4"" | 6 Piece x 6"""
Ruwag,Hand Tools > Finishing & Plastering,Gauging Bricklaying Trowel,sizes,3,3,6'' (150mm) | 7'' (175mm) | 8'' (200mm)
Ruwag,Hand Tools > Finishing & Plastering,Oval Bricklaying Trowel,sizes,3,3,6'' (150mm) | 7'' (175mm) | 8'' (200mm)
Ruwag,Hand Tools > Finishing & Plastering,Paint Brush Plastic Handle,sizes,4,4,"1"" (25.4mm) | 2"" (51mm) | 3"" (76.5mm) | 4"" (101.5mm)"
Ruwag,Hand Tools > Finishing & Plastering,Paint Brush TPR Handle,sizes,4,4,"1"" (25.4mm) | 2"" (52mm) | 3"" (55mm) | 4"" (101.5mm)"
Ruwag,Hand Tools > Finishing & Plastering,Paint Roller,sizes,2,2,"4"" (100mm) | 9'' (228mm)"
Ruwag,Hand Tools > Finishing & Plastering,Paint Roller Cover,sizes,2,2,"4"" X 10 Piece | 9"" (228mm)"
Ruwag,Hand Tools > Finishing & Plastering,Roller Brush Set,sizes,2,2,4'' (100mm) 7 Piece | 9'' (228mm) 4 Piece
Ruwag,Hand Tools > Finishing & Plastering,Stainless Steel Scraper,sizes,5,5,100mm | 125mm | 25mm | 50mm
Ruwag,Hand Tools > Garden Tools,Bottle Sprayer,sizes,3,3,1L | 2L | 5L
Ruwag,Hand Tools > Hammers & Striking,Axe with Fiberglass Handle,sizes,2,2,1.0kg | 1.5kg
Ruwag,Hand Tools > Hammers & Striking,Ball Pein Hammer with Fiberglass Handle,sizes,3,3,0.45kg | 0.68kg | 0.91kg
Ruwag,Hand Tools > Hammers & Striking,Ball Pein Hammer with Oak Wood Handle,sizes,3,3,0.45kg | 0.68kg | 0.91kg
Ruwag,Hand Tools > Hammers & Striking,Rubber Mallet with Fibreglass Handle,sizes,2,2,500g | 700g
Ruwag,Hand Tools > Hammers & Striking,Sledge Hammer Fibreglass Handle,sizes,4,4,14lb (6.4kg) | 16lb (7.2kg) | 6lb (2.8kg) | 8lb (3.6kg)
Ruwag,Hand Tools > Hammers & Striking,Stoning Hammer Fiberglass Handle,sizes,3,3,3kg | 4kg | 5kg
Ruwag,Hand Tools > Hammers & Striking,Stoning Hammer with Fiberglass Handle,sizes,3,3,1.0kg | 1.5kg | 2.0kg
Ruwag,Hand Tools > Measuring & Marking,Aluminium Three Vials Level Classic,sizes,3,3,300mm | 500mm | 600mm
Ruwag,Hand Tools > Measuring & Marking,Aluminium Three Vials Level Pro,sizes,2,2,1000mm | 800mm
Ruwag,Hand Tools > Measuring & Marking,Long Measuring Tape,sizes,4,4,20mx12.5mm | 30mx12.5mm | 30mx12.5mm | 50mx12.5mm
Ruwag,Hand Tools > Measuring & Marking,Measuring Tape,sizes,9,9,10mx25mm | 3mx16mm | 3mx19mm | 5mx19mm
Ruwag,Hand Tools > Measuring & Marking,Stainless Steel Ruler,sizes,2,2,1000mm | 300mm
Ruwag,Hand Tools > Other Hand Tools,Drain Cleaner,sizes,3,3,10MX9mm | 3MX6mm | 5MX9mm
Ruwag,Hand Tools > Pliers & Gripping,Circlip Plier Set,sizes,2,2,4 Piece | 5 Piece
Ruwag,Hand Tools > Pliers & Gripping,Combination Plier Classic,sizes,3,3,"6"" (165mm) | 7"" (180mm) | 8"" (200mm) (210mm)"
Ruwag,Hand Tools > Pliers & Gripping,Diagonal Cutting Plier Classic,sizes,2,2,"6"" (165mm) | 8"" (200mm)"
Ruwag,Hand Tools > Pliers & Gripping,Groove Joint Plier Pro,sizes,2,2,"10"" (250mm) | 12"" (300mm)"
Ruwag,Hand Tools > Pliers & Gripping,Long Nose Plier Classic,sizes,2,2,"6"" (165mm) | 8"" (200mm)"
Ruwag,Hand Tools > Pliers & Gripping,Magnetic Welding Holder,sizes,3,3,25LB | 50LB | 75LB
Ruwag,Hand Tools > Pliers & Gripping,Pro Combination Plier,sizes,2,2,"6"" (168mm) | 8"" (200mm)"
Ruwag,Hand Tools > Pliers & Gripping,Pro Diagonal Cutting Plier,sizes,2,2,"6"" (168mm) | 8"" (200mm)"
Ruwag,Hand Tools > Pliers & Gripping,Pro Fencing Plier,sizes,2,2,"10"" (250mm) | 12"" (300mm)"
Ruwag,Hand Tools > Pliers & Gripping,Pro Long Nose Plier,sizes,2,2,"6"" (173mm) | 8"" (200mm)"
Ruwag,Hand Tools > Pliers & Gripping,Ratchet Tie Down Set,sizes,2,2,2 Piece (25mm x 5m) | 4 Piece (25mm x 5m)
Ruwag,Hand Tools > Pliers & Gripping,Straight Jaw Lock-Grip Plier,sizes,2,2,"10"" (220mm) | 7"" (180mm)"
Ruwag,Hand Tools > Saws & Cutting,Bolt Cutter,sizes,5,5,"14"" (350mm) | 18"" (200mm) (450mm) | 24"" (600mm) | 30"" (750mm)"
Ruwag,Hand Tools > Saws & Cutting,Cable Cutter,sizes,3,3,"24"" (600mm) | 36"" (900mm) | 6"" (150mm)"
Ruwag,Hand Tools > Saws & Cutting,Hand Saw,sizes,4,4,"14"" (450mm) | 16"" (500mm) | 18"" (540mm) | 20"" (600mm)"
Ruwag,Hand Tools > Saws & Cutting,Knife Blades,sizes,2,2,10 Piece 18x100mm | 10 Piece 9x80mm
Ruwag,Hand Tools > Saws & Cutting,Multi-Purpose Scissors,sizes,2,2,180mm | 210mm
Ruwag,Hand Tools > Saws & Cutting,Pro Hand Saw,sizes,3,3,"16"" (500mm) | 18"" (540mm) | 20"" (600mm)"
Ruwag,Hand Tools > Screwdrivers & Sets,Adjustable Wrench,sizes,5,5,"10"" (250mm) | 12"" (300mm) | 18"" (450mm) | 6"" (150mm)"
Ruwag,Hand Tools > Screwdrivers & Sets,Combination Spanner,sizes,24,24,10mm | 11mm | 12mm | 13mm
Ruwag,Hand Tools > Screwdrivers & Sets,Combination Spanner Set,sizes,2,2,10 Piece | 23 Piece
Ruwag,Hand Tools > Screwdrivers & Sets,Dr. Socket Set,sizes,3,3,"32 Piece 1/2"" | 46 Piece 1/4"" | 77 Piece 1/2"" 1/4"""
Ruwag,Hand Tools > Screwdrivers & Sets,Extension Bar,sizes,2,2,"125mm 1/2"" | 250mm 1/2"""
Ruwag,Hand Tools > Screwdrivers & Sets,Fixed Ratchet Combination Wrench,sizes,17,17,10mm | 11mm | 12mm | 13mm
Ruwag,Hand Tools > Screwdrivers & Sets,Flat Type Screwdriver Classic,sizes,5,5,3X100mm | 5X150mm | 6X150mm | 8X150mm
Ruwag,Hand Tools > Screwdrivers & Sets,Hand Riveter,sizes,2,2,"10.5"" (250mm) | 9.5"" (240mm)"
Ruwag,Hand Tools > Screwdrivers & Sets,Hexagon Socket,sizes,20,20,"10mm 1/2"" | 11mm 1/2"" | 12mm 1/2"" | 13mm 1/2"""
Ruwag,Hand Tools > Screwdrivers & Sets,Insulated Phillips Screwdriver,sizes,3,3,PH0x60 | PH1x80 | PH2x100
Ruwag,Hand Tools > Screwdrivers & Sets,Insulated Slotted Screwdriver,sizes,4,4,2.5x75 | 3.0x100 | 5.5x125 | 6.5x150
Ruwag,Hand Tools > Screwdrivers & Sets,Philips Screwdriver Impact,sizes,3,3,PH1X100mm | PH2X150mm | PH3X200mm
Ruwag,Hand Tools > Screwdrivers & Sets,Philips Type Screwdriver Classic,sizes,5,5,PH0X100mm | PH1X150mm | PH1X38mm | PH2X150mm
Ruwag,Hand Tools > Screwdrivers & Sets,Screwdriver Set Soft Handle,sizes,3,3,10 Piece | 4 Piece | 6 Piece
Ruwag,Hand Tools > Screwdrivers & Sets,Screwdriver with Soft Handle,sizes,44,44,3x100mm | 3x150mm | 3x200mm | 3x75mm
Ruwag,Hand Tools > Screwdrivers & Sets,Slotted Screwdriver Impact,sizes,3,3,5X100mm | 6X150mm | 8X200mm
